date,hour,air_temp_1m,air_temp_5m
5/1/22,100,,-1.964
5/1/22,200,,-1.571
5/1/22,300,,-1.493
5/1/22,400,,-0.748
5/1/22,500,,-1.649
5/1/22,600,,-2.223
5/1/22,700,,-2.016
5/1/22,800,,-1.64
5/1/22,900,,-2.86
5/1/22,1000,,-2.805
5/1/22,1100,,-3.239
5/1/22,1200,,-3.004
5/1/22,1300,,-3.357
5/1/22,1400,,-3.811
5/1/22,1500,,-4.639
5/1/22,1600,,-5.266
5/1/22,1700,,-5.769
5/1/22,1800,,-6.38
5/1/22,1900,,-6.839
5/1/22,2000,,-7.203
5/1/22,2100,,-7.814
5/1/22,2200,,-8.29
5/1/22,2300,,-8.95
5/1/22,2400,,-9.43
5/2/22,100,,-9.71
5/2/22,200,,-10.12
5/2/22,300,,-10.25
5/2/22,400,,-10.08
5/2/22,500,,-10.27
5/2/22,600,,-10.62
5/2/22,700,,-10.53
5/2/22,800,,-10.02
5/2/22,900,,-8.71
5/2/22,1000,,-9.04
5/2/22,1100,,-9.05
5/2/22,1200,,-8.57
5/2/22,1300,,-7.969
5/2/22,1400,,-8.16
5/2/22,1500,,-8.25
5/2/22,1600,,-7.761
5/2/22,1700,,-7.665
5/2/22,1800,,-8.1
5/2/22,1900,,-8.32
5/2/22,2000,,-8.63
5/2/22,2100,,-9.58
5/2/22,2200,,-9.64
5/2/22,2300,,-9.71
5/2/22,2400,,-10.79
5/3/22,100,,-10.35
5/3/22,200,,-9.97
5/3/22,300,,-10.04
5/3/22,400,,-10.03
5/3/22,500,,-10.46
5/3/22,600,,-10.73
5/3/22,700,,-10.7
5/3/22,800,,-10.16
5/3/22,900,,-9.81
5/3/22,1000,,-9.3
5/3/22,1100,,-9.4
5/3/22,1200,,-8.87
5/3/22,1300,,-8.7
5/3/22,1400,,-8.43
5/3/22,1500,,-8.8
5/3/22,1600,,-8.69
5/3/22,1700,,-9.08
5/3/22,1800,,-9.58
5/3/22,1900,,-9.76
5/3/22,2000,,-9.94
5/3/22,2100,,-10.36
5/3/22,2200,,-10.8
5/3/22,2300,,-11.2
5/3/22,2400,,-11.37
5/4/22,100,,-11.47
5/4/22,200,,-11.53
5/4/22,300,,-11.68
5/4/22,400,,-11.66
5/4/22,500,,-11.61
5/4/22,600,,-11.42
5/4/22,700,,-10.9
5/4/22,800,,-9.38
5/4/22,900,,-8.83
5/4/22,1000,,-8.37
5/4/22,1100,,-8.08
5/4/22,1200,,-8.22
5/4/22,1300,,-8.22
5/4/22,1400,,-8.57
5/4/22,1500,,-8.79
5/4/22,1600,,-8.69
5/4/22,1700,,-8.93
5/4/22,1800,,-9.17
5/4/22,1900,,-9.24
5/4/22,2000,,-9.19
5/4/22,2100,,-9.23
5/4/22,2200,,-9.29
5/4/22,2300,,-9.34
5/4/22,2400,,-9.51
5/5/22,100,,-9.82
5/5/22,200,,-10.81
5/5/22,300,,-11.36
5/5/22,400,,-10.77
5/5/22,500,,-10.24
5/5/22,600,,-9.78
5/5/22,700,,-9.48
5/5/22,800,,-9.77
5/5/22,900,,-9.26
5/5/22,1000,,-8.97
5/5/22,1100,,-8.39
5/5/22,1200,,-8.04
5/5/22,1300,,-7.863
5/5/22,1400,,-7.736
5/5/22,1500,,-7.141
5/5/22,1600,,-6.464
5/5/22,1700,,-7.322
5/5/22,1800,,-7.704
5/5/22,1900,,-7.985
5/5/22,2000,,-8.44
5/5/22,2100,,-9.02
5/5/22,2200,,-9.68
5/5/22,2300,,-9.77
5/5/22,2400,,-10.4
5/6/22,100,,-11.16
5/6/22,200,,-11.24
5/6/22,300,,-12.11
5/6/22,400,,-12.72
5/6/22,500,,-12.71
5/6/22,600,,-11.4
5/6/22,700,,-8.95
5/6/22,800,,-8.25
5/6/22,900,,-6.205
5/6/22,1000,,-2.929
5/6/22,1100,,-3.225
5/6/22,1200,,-1.336
5/6/22,1300,,-0.965
5/6/22,1400,,-1.366
5/6/22,1500,,-0.484
5/6/22,1600,,-0.583
5/6/22,1700,,0.384
5/6/22,1800,,0.044
5/6/22,1900,,-0.656
5/6/22,2000,,-0.822
5/6/22,2100,,0.218
5/6/22,2200,,-1.283
5/6/22,2300,,-2.311
5/6/22,2400,,-3.47
5/7/22,100,,-3.241
5/7/22,200,,-1.937
5/7/22,300,,-1.586
5/7/22,400,,-3.369
5/7/22,500,,-3.684
5/7/22,600,,-2.608
5/7/22,700,,-1.297
5/7/22,800,,1.84
5/7/22,900,,3.097
5/7/22,1000,,3.964
5/7/22,1100,,3.981
5/7/22,1200,,4.541
5/7/22,1300,,4.731
5/7/22,1400,,5.064
5/7/22,1500,,5.351
5/7/22,1600,,5.428
5/7/22,1700,,5.081
5/7/22,1800,,1.077
5/7/22,1900,,-2.577
5/7/22,2000,,-2.944
5/7/22,2100,,-4.123
5/7/22,2200,,-5.541
5/7/22,2300,,-6.13
5/7/22,2400,,-6.482
5/8/22,100,,-7.028
5/8/22,200,,-6.89
5/8/22,300,,-6.154
5/8/22,400,,-5.739
5/8/22,500,,-6.256
5/8/22,600,,-6.575
5/8/22,700,,-5.319
5/8/22,800,,-2.937
5/8/22,900,,-2.515
5/8/22,1000,,-2.389
5/8/22,1100,,-0.893
5/8/22,1200,,1.149
5/8/22,1300,,1.557
5/8/22,1400,,2.145
5/8/22,1500,,1.863
5/8/22,1600,,1.351
5/8/22,1700,,1.628
5/8/22,1800,,1.187
5/8/22,1900,,1.084
5/8/22,2000,,0.585
5/8/22,2100,,0.131
5/8/22,2200,,-0.518
5/8/22,2300,,-0.963
5/8/22,2400,,-1.329
5/9/22,100,,-1.839
5/9/22,200,,-2.845
5/9/22,300,,-2.235
5/9/22,400,,-2.695
5/9/22,500,,-3.454
5/9/22,600,,-1.858
5/9/22,700,,-1.026
5/9/22,800,,-0.768
5/9/22,900,,-1.554
5/9/22,1000,,-1.03
5/9/22,1100,,-0.498
5/9/22,1200,,-0.415
5/9/22,1300,,-1.671
5/9/22,1400,,-2.521
5/9/22,1500,,-2.612
5/9/22,1600,,-3.366
5/9/22,1700,,-5.02
5/9/22,1800,,-6.567
5/9/22,1900,,-7.441
5/9/22,2000,,-7.917
5/9/22,2100,,-8.43
5/9/22,2200,,-8.79
5/9/22,2300,,-9.25
5/9/22,2400,,-9.28
5/10/22,100,,-9.23
5/10/22,200,,-9.16
5/10/22,300,,-9.53
5/10/22,400,,-9.54
5/10/22,500,,-9.53
5/10/22,600,,-9.51
5/10/22,700,,-9.39
5/10/22,800,,-9.49
5/10/22,900,,-9.82
5/10/22,1000,,-9.6
5/10/22,1100,,-9.44
5/10/22,1200,,-8.91
5/10/22,1300,,-8.49
5/10/22,1400,,-8.5
5/10/22,1500,,-8.26
5/10/22,1600,,-7.967
5/10/22,1700,,-7.106
5/10/22,1800,,-5.294
5/10/22,1900,,-3.939
5/10/22,2000,,-3.047
5/10/22,2100,,-4.356
5/10/22,2200,,-6.173
5/10/22,2300,,-7.271
5/10/22,2400,,-7.685
5/11/22,100,,-7.92
5/11/22,200,,-7.976
5/11/22,300,,-7.005
5/11/22,400,,-8.14
5/11/22,500,,-5.006
5/11/22,600,,-2.808
5/11/22,700,,-2.467
5/11/22,800,,-1.139
5/11/22,900,,-1.787
5/11/22,1000,,-2.961
5/11/22,1100,,-2.329
5/11/22,1200,,-1.303
5/11/22,1300,,-1.291
5/11/22,1400,,-1.618
5/11/22,1500,,-2.016
5/11/22,1600,,-2
5/11/22,1700,,-2.273
5/11/22,1800,,-2.319
5/11/22,1900,,-2.667
5/11/22,2000,,-2.438
5/11/22,2100,,-2.445
5/11/22,2200,,-2.989
5/11/22,2300,,-4.546
5/11/22,2400,,-5.025
5/12/22,100,,-5.667
5/12/22,200,,-5.823
5/12/22,300,,-5.972
5/12/22,400,,-4.857
5/12/22,500,,-4.666
5/12/22,600,,-4.476
5/12/22,700,,-3.612
5/12/22,800,,-2.05
5/12/22,900,,-0.988
5/12/22,1000,,-1.113
5/12/22,1100,,-1.655
5/12/22,1200,,-0.445
5/12/22,1300,,-0.175
5/12/22,1400,,-1.022
5/12/22,1500,,-1.01
5/12/22,1600,,-1.103
5/12/22,1700,,-1.5
5/12/22,1800,,-1.933
5/12/22,1900,,-2.432
5/12/22,2000,,-2.935
5/12/22,2100,,-3.916
5/12/22,2200,,-4.837
5/12/22,2300,,-5.481
5/12/22,2400,,-5.765
5/13/22,100,,-6.263
5/13/22,200,,-7.308
5/13/22,300,,-8.13
5/13/22,400,,-8.48
5/13/22,500,,-8.56
5/13/22,600,,-9.01
5/13/22,700,,-9.65
5/13/22,800,,-9.86
5/13/22,900,,-9.96
5/13/22,1000,,-9.83
5/13/22,1100,,-9.52
5/13/22,1200,,-9.68
5/13/22,1300,,-9.42
5/13/22,1400,,-9.65
5/13/22,1500,,-9.45
5/13/22,1600,,-9.25
5/13/22,1700,,-9.29
5/13/22,1800,,-9.55
5/13/22,1900,,-10.43
5/13/22,2000,,-10.75
5/13/22,2100,,-10.96
5/13/22,2200,,-11.47
5/13/22,2300,,-12.44
5/13/22,2400,,-12.69
5/14/22,100,,-12.36
5/14/22,200,,-12.17
5/14/22,300,,-12.06
5/14/22,400,,-12.13
5/14/22,500,,-14.88
5/14/22,600,,-16.49
5/14/22,700,,-15.07
5/14/22,800,,-12.05
5/14/22,900,,-9.97
5/14/22,1000,,-8.76
5/14/22,1100,,-7.672
5/14/22,1200,,-6.7
5/14/22,1300,,-5.9
5/14/22,1400,,-5.108
5/14/22,1500,,-4.66
5/14/22,1600,,-3.915
5/14/22,1700,,-3.538
5/14/22,1800,,-2.711
5/14/22,1900,,-1.931
5/14/22,2000,,-1.367
5/14/22,2100,,-1.976
5/14/22,2200,,-4.227
5/14/22,2300,,-5.682
5/14/22,2400,,-6.183
5/15/22,100,,-6.202
5/15/22,200,,-6.786
5/15/22,300,,-7.55
5/15/22,400,,-7.752
5/15/22,500,,-6.999
5/15/22,600,,-5.422
5/15/22,700,,-3.07
5/15/22,800,,-2.748
5/15/22,900,,-1.188
5/15/22,1000,,-0.668
5/15/22,1100,,-0.353
5/15/22,1200,,0.049
5/15/22,1300,,0.265
5/15/22,1400,,0.011
5/15/22,1500,,-0.226
5/15/22,1600,,-0.384
5/15/22,1700,,-0.333
5/15/22,1800,,-0.788
5/15/22,1900,,-1.369
5/15/22,2000,,-2.564
5/15/22,2100,,-3.469
5/15/22,2200,,-4.425
5/15/22,2300,,-6.268
5/15/22,2400,,-8.27
5/16/22,100,,-9.67
5/16/22,200,,-10.61
5/16/22,300,,-11.44
5/16/22,400,,-11.8
5/16/22,500,,-11.86
5/16/22,600,,-10.21
5/16/22,700,,-9.44
5/16/22,800,,-7.334
5/16/22,900,,-7
5/16/22,1000,,-6.611
5/16/22,1100,,-6.33
5/16/22,1200,,-6.59
5/16/22,1300,,-6.315
5/16/22,1400,,-6.048
5/16/22,1500,,-6.662
5/16/22,1600,,-7.13
5/16/22,1700,,-7.142
5/16/22,1800,,-7.506
5/16/22,1900,,-7.826
5/16/22,2000,,-8.13
5/16/22,2100,,-8.82
5/16/22,2200,,-9.65
5/16/22,2300,,-10.42
5/16/22,2400,,-10.94
5/16/22,2400,,
5/17/22,100,,-11.3
5/17/22,200,,-11.43
5/17/22,300,,-11.43
5/17/22,400,,-11.13
5/17/22,500,,-11.24
5/17/22,600,,-11.12
5/17/22,700,,-11.03
5/17/22,800,,-10.25
5/17/22,900,,-9.59
5/17/22,1000,,-9.88
5/17/22,1100,,-9.59
5/17/22,1200,,-8.47
5/17/22,1300,,-8.44
5/17/22,1400,,-7.338
5/17/22,1500,,-7.266
5/17/22,1700,,-7.705
5/17/22,1800,,-8.01
5/17/22,1900,,-8.03
5/17/22,2000,,-7.381
5/17/22,2100,,-7.013
5/17/22,2200,,-6.724
5/17/22,2300,,-7.029
5/17/22,2400,,-7.159
5/18/22,100,,-7.633
5/18/22,200,,-9.31
5/18/22,300,,-10
5/18/22,400,,-10.57
5/18/22,500,,-10.38
5/18/22,600,,-8.89
5/18/22,700,,-7.584
5/18/22,800,,-3.117
5/18/22,900,,-1.113
5/18/22,1000,,-0.513
5/18/22,1100,,0.52
5/18/22,1200,,1.254
5/18/22,1300,,1.702
5/18/22,1400,,2.238
5/18/22,1500,,2.794
5/18/22,1600,,3.089
5/18/22,1700,,3.74
5/18/22,1800,,4.195
5/18/22,1900,,4.484
5/18/22,2000,,4.246
5/18/22,2100,,2.643
5/18/22,2200,,2.3
5/18/22,2300,,-1.256
5/18/22,2400,,-3.073
5/19/22,100,,-2.986
5/19/22,200,,-2.402
5/19/22,300,,-2.532
5/19/22,400,,-1.805
5/19/22,500,,-0.585
5/19/22,600,,0.975
5/19/22,700,,2.736
5/19/22,800,,2.414
5/19/22,900,,2.204
5/19/22,1000,,2.372
5/19/22,1100,,2.368
5/19/22,1200,,2.931
5/19/22,1300,,3.201
5/19/22,1400,,4.499
5/19/22,1500,,5.706
5/19/22,1600,,5.827
5/19/22,1700,,5.548
5/19/22,1800,,6.239
5/19/22,1900,,4.063
5/19/22,2000,,3.533
5/19/22,2100,,4.202
5/19/22,2200,,3.5
5/19/22,2300,,2.317
5/19/22,2400,,0.701
5/20/22,100,,0.575
5/20/22,200,,1.234
5/20/22,300,,1.526
5/20/22,400,,0.7
5/20/22,500,,-0.261
5/20/22,600,,2.105
5/20/22,700,,4.066
5/20/22,800,,5.39
5/20/22,900,,5.317
5/20/22,1000,,5.181
5/20/22,1100,,4.863
5/20/22,1200,,3.156
5/20/22,1300,,2.69
5/20/22,1400,,2.273
5/20/22,1500,,1.875
5/20/22,1600,,1.993
5/20/22,1700,,2.003
5/20/22,1800,,1.533
5/20/22,1900,,2.003
5/20/22,2000,,2.164
5/20/22,2100,,2.146
5/20/22,2200,,0.593
5/20/22,2300,,-0.571
5/20/22,2400,,-2.393
5/21/22,100,,-4.135
5/21/22,200,,-4.51
5/21/22,300,,-4.902
5/21/22,400,,-4.641
5/21/22,500,,-4.083
5/21/22,600,,-3.037
5/21/22,700,,-1.15
5/21/22,800,,-0.313
5/21/22,900,,-0.139
5/21/22,1000,,-0.366
5/21/22,1100,,-0.286
5/21/22,1200,,-0.159
5/21/22,1300,,-0.225
5/21/22,1400,,0.146
5/21/22,1500,,0.34
5/21/22,1600,,0.243
5/21/22,1700,,0.002
5/21/22,1800,,-0.672
5/21/22,1900,,-1.59
5/21/22,2000,,-1.012
5/21/22,2100,,-1.45
5/21/22,2200,,-3.175
5/21/22,2300,,-4.049
5/21/22,2400,,-4.498
5/22/22,100,,-5.47
5/22/22,200,,-5.758
5/22/22,300,,-5.386
5/22/22,400,,-5.04
5/22/22,500,,-4.477
5/22/22,600,,-4.525
5/22/22,700,,-4.685
5/22/22,800,,-4.104
5/22/22,900,,-3.491
5/22/22,1000,,-2.998
5/22/22,1100,,-2.517
5/22/22,1200,,-2.489
5/22/22,1300,,-3.203
5/22/22,1400,,-3.033
5/22/22,1500,,-2.95
5/22/22,1600,,-3.138
5/22/22,1700,,-3.285
5/22/22,1800,,-3.885
5/22/22,1900,,-3.888
5/22/22,2000,,-4.014
5/22/22,2100,,-4.391
5/22/22,2200,,-3.901
5/22/22,2300,,-4.915
5/22/22,2400,,-6.278
5/23/22,100,,-7.546
5/23/22,200,,-7.92
5/23/22,300,,-7.801
5/23/22,400,,-7.739
5/23/22,500,,-6.752
5/23/22,600,,-3.129
5/23/22,700,,0.852
5/23/22,800,,4.039
5/23/22,900,,5.608
5/23/22,1000,,6.569
5/23/22,1100,,7.232
5/23/22,1200,,7.666
5/23/22,1300,,8.16
5/23/22,1400,,8.67
5/23/22,1500,,8.93
5/23/22,1600,,7.013
5/23/22,1700,,6.661
5/23/22,1800,,7.432
5/23/22,1900,,7.337
5/23/22,2000,,7.632
5/23/22,2100,,7.723
5/23/22,2200,,4.979
5/23/22,2300,,1.992
5/23/22,2400,,1.311
5/24/22,100,,0.357
5/24/22,200,,-0.249
5/24/22,300,,-0.385
5/24/22,400,,0.124
5/24/22,500,,3.017
5/24/22,600,,3.579
5/24/22,700,,4.835
5/24/22,800,,6.032
5/24/22,900,,6.117
5/24/22,1000,,5.831
5/24/22,1100,,5.762
5/24/22,1200,,5.734
5/24/22,1300,,5.827
5/24/22,1400,,6.25
5/24/22,1500,,6.669
5/24/22,1600,,6.442
5/24/22,1700,,6.324
5/24/22,1800,,6.066
5/24/22,1900,,5.876
5/24/22,2000,,5.189
5/24/22,2100,,5.2
5/24/22,2200,,4.881
5/24/22,2300,,4.456
5/24/22,2400,,1.141
5/25/22,100,,-0.223
5/25/22,200,,-0.66
5/25/22,300,,-0.536
5/25/22,400,,0.413
5/25/22,500,,2.121
5/25/22,600,,4.369
5/25/22,700,,6.023
5/25/22,800,,6.892
5/25/22,900,,7.688
5/25/22,1000,,7.952
5/25/22,1100,,7.762
5/25/22,1200,,7.703
5/25/22,1300,,8.28
5/25/22,1400,,7.073
5/25/22,1500,,6.054
5/25/22,1600,,6.946
5/25/22,1700,,8.02
5/25/22,1800,,7.086
5/25/22,1900,,6.188
5/25/22,2000,,5.659
5/25/22,2100,,5.413
5/25/22,2200,,5.061
5/25/22,2300,,4.648
5/25/22,2400,,3.845
5/26/22,100,,3.662
5/26/22,200,,3.391
5/26/22,300,,2.336
5/26/22,400,,2.18
5/26/22,500,,2.336
5/26/22,600,,3.738
5/26/22,700,,3.996
5/26/22,800,,4.344
5/26/22,900,,4.571
5/26/22,1000,,5.802
5/26/22,1100,,5.935
5/26/22,1200,,6.112
5/26/22,1300,,6.086
5/26/22,1400,,4.567
5/26/22,1500,,2.939
5/26/22,1600,,2.515
5/26/22,1700,,1.992
5/26/22,1800,,2.195
5/26/22,1900,,1.842
5/26/22,2000,,1.633
5/26/22,2100,,1.588
5/26/22,2200,,1.393
5/26/22,2300,,0.505
5/26/22,2400,,-0.921
5/27/22,100,,-1.457
5/27/22,200,,-1.62
5/27/22,300,,-1.369
5/27/22,400,,-1.568
5/27/22,500,,-1.936
5/27/22,600,,-2.304
5/27/22,700,,-2.372
5/27/22,800,,-1.946
5/27/22,900,,-1.119
5/27/22,1000,,-0.158
5/27/22,1100,,1.843
5/27/22,1200,,4.305
5/27/22,1300,,5.475
5/27/22,1400,,6.246
5/27/22,1500,,7.184
5/27/22,1600,,7.912
5/27/22,1700,,8.05
5/27/22,1800,,8.6
5/27/22,1900,,9.31
5/27/22,2000,,9.53
5/27/22,2100,,8.41
5/27/22,2200,,7.293
5/27/22,2300,,6.357
5/27/22,2400,,5.055
5/28/22,100,,3.47
5/28/22,200,,1.884
5/28/22,300,,1.77
5/28/22,400,,1.488
5/28/22,500,,2.522
5/28/22,600,,3.475
5/28/22,700,,4.482
5/28/22,800,,4.112
5/28/22,900,,3.6
5/28/22,1000,,4.084
5/28/22,1100,,4.119
5/28/22,1200,,4.183
5/28/22,1300,,3.155
5/28/22,1400,,4.324
5/28/22,1500,,5.604
5/28/22,1600,,5.13
5/28/22,1700,,5.264
5/28/22,1800,,4.24
5/28/22,1900,,3.87
5/28/22,2000,,2.946
5/28/22,2100,,2.118
5/28/22,2200,,1.511
5/28/22,2300,,0.868
5/28/22,2400,,0.238
5/29/22,100,,-0.189
5/29/22,200,,-0.724
5/29/22,300,,-1.151
5/29/22,400,,-1.284
5/29/22,500,,-1.528
5/29/22,600,,-1.894
5/29/22,700,,-1.778
5/29/22,800,,-1.617
5/29/22,900,,-1.31
5/29/22,1000,,-0.744
5/29/22,1100,,-0.431
5/29/22,1200,,-0.443
5/29/22,1300,,-0.328
5/29/22,1400,,-0.338
5/29/22,1500,,0.086
5/29/22,1600,,1.05
5/29/22,1700,,1.795
5/29/22,1800,,2.542
5/29/22,1900,,2.967
5/29/22,2000,,2.91
5/29/22,2100,,1.764
5/29/22,2200,,1.495
5/29/22,2300,,1.498
5/29/22,2400,,1.011
5/30/22,100,,-0.268
5/30/22,200,,-1.03
5/30/22,300,,-1.541
5/30/22,400,,-2.005
5/30/22,500,,-2.256
5/30/22,600,,-2.059
5/30/22,700,,-1.459
5/30/22,800,,-0.491
5/30/22,900,,1.19
5/30/22,1000,,2.361
5/30/22,1100,,2.718
5/30/22,1200,,3.99
5/30/22,1300,,3.416
5/30/22,1400,,2.486
5/30/22,1500,,1.725
5/30/22,1600,,1.394
5/30/22,1700,,1.363
5/30/22,1800,,1.456
5/30/22,1900,,1.131
5/30/22,2000,,0.973
5/30/22,2100,,0.69
5/30/22,2200,,0.791
5/30/22,2300,,-0.215
5/30/22,2400,,-0.231
5/31/22,100,,-0.394
5/31/22,200,,-0.657
5/31/22,300,,-0.987
5/31/22,400,,-1.347
5/31/22,500,,-0.514
5/31/22,600,,1.314
5/31/22,700,,2.639
5/31/22,800,,3.438
5/31/22,900,,3.762
5/31/22,1000,,5.048
5/31/22,1100,,6.37
5/31/22,1200,,7.411
5/31/22,1300,,8.24
5/31/22,1400,,9.44
5/31/22,1500,,10.63
5/31/22,1600,,12.11
5/31/22,1700,,12.45
5/31/22,1800,,12.04
5/31/22,1900,,11.1
5/31/22,2000,,11.33
5/31/22,2100,,10.97
5/31/22,2200,,9.66
5/31/22,2300,,8.73
5/31/22,2400,,7.59
6/1/22,100,,6.082
6/1/22,200,,5.042
6/1/22,300,,4.804
6/1/22,400,,5.96
6/1/22,500,,8.83
6/1/22,600,,8.5
6/1/22,700,,9.53
6/1/22,800,,10.83
6/1/22,900,,8.49
6/1/22,1000,,6.781
6/1/22,1100,,7.393
6/1/22,1200,,8.09
6/1/22,1300,,8.39
6/1/22,1400,,6.86
6/1/22,1500,,7.627
6/1/22,1600,,7.231
6/1/22,1700,,4.669
6/1/22,1800,,5.464
6/1/22,1900,,5.48
6/1/22,2000,,5.142
6/1/22,2100,,5.364
6/1/22,2200,,6.401
6/1/22,2300,,5.022
6/1/22,2400,,2.799
6/2/22,100,,2.221
6/2/22,200,,2.819
6/2/22,300,,2.912
6/2/22,400,,2.903
6/2/22,500,,3.473
6/2/22,600,,4.238
6/2/22,700,,5.371
6/2/22,800,,6.55
6/2/22,900,,7.517
6/2/22,1000,,7.674
6/2/22,1100,,7.634
6/2/22,1200,,6.623
6/2/22,1300,,6.027
6/2/22,1400,,5.743
6/2/22,1500,,5.608
6/2/22,1600,,5.403
6/2/22,1700,,5.62
6/2/22,1800,,4.871
6/2/22,1900,,5.044
6/2/22,2000,,5.555
6/2/22,2100,,4.693
6/2/22,2200,,4.27
6/2/22,2300,,4.264
6/2/22,2400,,3.028
6/3/22,100,,2.41
6/3/22,200,,1.888
6/3/22,300,,0.915
6/3/22,400,,0.22
6/3/22,500,,1.751
6/3/22,600,,3.46
6/3/22,700,,4.21
6/3/22,800,,5.683
6/3/22,900,,6.442
6/3/22,1000,,7.16
6/3/22,1100,,7.841
6/3/22,1200,,8.46
6/3/22,1300,,9.79
6/3/22,1400,,10.71
6/3/22,1500,,10.83
6/3/22,1600,,9.71
6/3/22,1700,,9.16
6/3/22,1800,,8.82
6/3/22,1900,,8.61
6/3/22,2000,,8.15
6/3/22,2100,,7.861
6/3/22,2200,,7.047
6/3/22,2300,,4.887
6/3/22,2400,,2.653
6/4/22,100,,0.474
6/4/22,200,,-0.842
6/4/22,300,,-0.307
6/4/22,400,,0.225
6/4/22,500,,1.752
6/4/22,600,,2.914
6/4/22,700,,2.712
6/4/22,800,,3.241
6/4/22,900,,3.76
6/4/22,1000,,3.813
6/4/22,1100,,3.848
6/4/22,1200,,4.655
6/4/22,1300,,5.954
6/4/22,1400,,7.008
6/4/22,1500,,7.805
6/4/22,1600,,8.46
6/4/22,1700,,8.28
6/4/22,1800,,7.938
6/4/22,1900,,6.28
6/4/22,2000,,4.408
6/4/22,2100,,2.429
6/4/22,2200,,0.585
6/4/22,2300,,-1.188
6/4/22,2400,,-3.262
6/5/22,100,,-3.883
6/5/22,200,,-4.567
6/5/22,300,,-4.728
6/5/22,400,,-5.363
6/5/22,500,,-5.728
6/5/22,600,,-6.007
6/5/22,700,,-5.811
6/5/22,800,,-5.296
6/5/22,900,,-4.447
6/5/22,1000,,-3.318
6/5/22,1100,,-2.603
6/5/22,1200,,-1.459
6/5/22,1300,,-0.321
6/5/22,1400,,0.498
6/5/22,1500,,2.412
6/5/22,1600,,3.536
6/5/22,1700,,4.44
6/5/22,1800,,4.556
6/5/22,1900,,3.127
6/5/22,2000,,1.066
6/5/22,2100,,-1.079
6/5/22,2200,,-2.927
6/5/22,2300,,-3.494
6/5/22,2400,,-3.79
6/6/22,100,,-3.942
6/6/22,200,,-4.368
6/6/22,300,,-4.712
6/6/22,400,,-4.815
6/6/22,500,,-5.022
6/6/22,600,,-5.11
6/6/22,700,,-5.033
6/6/22,800,,-4.773
6/6/22,900,,-4.268
6/6/22,1000,,-3.508
6/6/22,1100,,-2.494
6/6/22,1200,,-1.301
6/6/22,1300,,-0.035
6/6/22,1400,,1.403
6/6/22,1500,,3.036
6/6/22,1600,,3.313
6/6/22,1700,,2.994
6/6/22,1800,,2.633
6/6/22,1900,,1.795
6/6/22,2000,,-0.464
6/6/22,2100,,-0.764
6/6/22,2200,,-1.252
6/6/22,2300,,-1.912
6/6/22,2400,,-3.369
6/7/22,100,,-4.49
6/7/22,200,,-4.983
6/7/22,300,,-5.366
6/7/22,400,,-5.185
6/7/22,500,,-4.94
6/7/22,600,,-5.055
6/7/22,700,,-5.131
6/7/22,800,,-4.833
6/7/22,900,,-4.259
6/7/22,1000,,-3.737
6/7/22,1100,,-2.637
6/7/22,1200,,-1.427
6/7/22,1300,,-0.619
6/7/22,1400,,0.299
6/7/22,1500,,1.124
6/7/22,1600,,0.89
6/7/22,1700,,0.186
6/7/22,1800,,0.032
6/7/22,1900,,-0.685
6/7/22,2000,,-1.195
6/7/22,2100,,-2.153
6/7/22,2200,,-2.642
6/7/22,2300,,-3.767
6/7/22,2400,,-4.132
6/8/22,100,,-4.908
6/8/22,200,,-5.533
6/8/22,300,,-6.143
6/8/22,400,,-6.754
6/8/22,500,,-6.681
6/8/22,600,,-6.153
6/8/22,700,,-5.509
6/8/22,800,,-5.33
6/8/22,900,,-4.605
6/8/22,1000,,-3.908
6/8/22,1100,,-3.255
6/8/22,1200,,-1.896
6/8/22,1300,,-1.163
6/8/22,1400,,-0.682
6/8/22,1500,,-0.354
6/8/22,1600,,0.596
6/8/22,1700,,0.265
6/8/22,1800,,-0.505
6/8/22,1900,,-0.196
6/8/22,2000,,-0.584
6/8/22,2100,,-1.531
6/8/22,2200,,-2.852
6/8/22,2300,,-3.653
6/8/22,2400,,-4.239
6/9/22,100,,-4.845
6/9/22,200,,-5.416
6/9/22,300,,-6.66
6/9/22,400,,-6.017
6/9/22,500,,-5.127
6/9/22,600,,-3.697
6/9/22,700,,-2.505
6/9/22,800,,-1.364
6/9/22,900,,-0.546
6/9/22,1000,,0.386
6/9/22,1100,,1.756
6/9/22,1200,,1.786
6/9/22,1300,,1.773
6/9/22,1400,,1.571
6/9/22,1500,,1.96
6/9/22,1600,,3.086
6/9/22,1700,,3.32
6/9/22,1800,,3.569
6/9/22,1900,,3.274
6/9/22,2000,,2.966
6/9/22,2100,,2.3
6/9/22,2200,,2.106
6/9/22,2300,,2.126
6/9/22,2400,,1.467
6/10/22,100,,-0.271
6/10/22,200,,-1.557
6/10/22,300,,-2.104
6/10/22,400,,-2.335
6/10/22,500,,-3.031
6/10/22,600,,-4.072
6/10/22,700,,-4.186
6/10/22,800,,-4.111
6/10/22,900,,-3.933
6/10/22,1000,,-3.629
6/10/22,1100,,-3.378
6/10/22,1200,,-3.013
6/10/22,1300,,-2.757
6/10/22,1400,,-2.573
6/10/22,1500,,-2.172
6/10/22,1600,,-1.927
6/10/22,1700,,-1.681
6/10/22,1800,,-1.279
6/10/22,1900,,-1.395
6/10/22,2000,,-1.417
6/10/22,2100,,-1.788
6/10/22,2200,,-2.339
6/10/22,2300,,-2.845
6/10/22,2400,,-3.363
6/11/22,100,,-3.928
6/11/22,200,,-4.169
6/11/22,300,,-4.212
6/11/22,400,,-3.922
6/11/22,500,,-3.939
6/11/22,600,,-4.048
6/11/22,700,,-3.935
6/11/22,800,,-3.681
6/11/22,900,,-3.071
6/11/22,1000,,-2.318
6/11/22,1100,,-1.662
6/11/22,1200,,-1.037
6/11/22,1300,,-0.211
6/11/22,1400,,0.663
6/11/22,1500,,1.189
6/11/22,1600,,1.575
6/11/22,1700,,2.054
6/11/22,1800,,2.34
6/11/22,1900,,2.715
6/11/22,2000,,2.636
6/11/22,2100,,2.322
6/11/22,2200,,1.46
6/11/22,2300,,0.467
6/11/22,2400,,-0.327
6/12/22,100,,-0.463
6/12/22,200,,-0.122
6/12/22,300,,0.038
6/12/22,400,,-0.728
6/12/22,500,,-1.271
6/12/22,600,,-0.981
6/12/22,700,,-0.302
6/12/22,800,,0.225
6/12/22,900,,1.083
6/12/22,1000,,2.244
6/12/22,1100,,3.348
6/12/22,1200,,3.389
6/12/22,1300,,3.172
6/12/22,1400,,3.894
6/12/22,1500,,5.476
6/12/22,1600,,8.25
6/12/22,1700,,9.47
6/12/22,1800,,9.28
6/12/22,1900,,9.27
6/12/22,2000,,9.47
6/12/22,2100,,8.5
6/12/22,2200,,7.436
6/12/22,2300,,6.493
6/12/22,2400,,4.037
6/13/22,100,,3.212
6/13/22,200,,5.482
6/13/22,300,,3.624
6/13/22,400,,3.116
6/13/22,500,,3.172
6/13/22,600,,4.879
6/13/22,700,,7.821
6/13/22,800,,10.47
6/13/22,900,,11.54
6/13/22,1000,,12
6/13/22,1100,,12.79
6/13/22,1200,,13.8
6/13/22,1300,,13.72
6/13/22,1400,,14.62
6/13/22,1500,,15.19
6/13/22,1600,,15.71
6/13/22,1700,,15.94
6/13/22,1800,,15.74
6/13/22,1900,,15.2
6/13/22,2000,,14.82
6/13/22,2100,,13.47
6/13/22,2200,,12.02
6/13/22,2300,,10.11
6/13/22,2400,,6.997
6/14/22,100,,4.955
6/14/22,200,,6.165
6/14/22,300,,5.911
6/14/22,400,,3.92
6/14/22,500,,4.319
6/14/22,600,,6.654
6/14/22,700,,10.38
6/14/22,800,,11.27
6/14/22,900,,11.67
6/14/22,1000,,13.21
6/14/22,1100,,15.04
6/14/22,1200,,15
6/14/22,1300,,14.11
6/14/22,1400,,13.83
6/14/22,1500,,12.71
6/14/22,1600,,12.49
6/14/22,1700,,12.48
6/14/22,1800,,13.52
6/14/22,1900,,11.91
6/14/22,2000,,12.28
6/14/22,2100,,13.38
6/14/22,2200,,10.97
6/14/22,2300,,9.21
6/14/22,2400,,6.321
6/15/22,100,,4.099
6/15/22,200,,2.127
6/15/22,300,,1.989
6/15/22,400,,3.734
6/15/22,500,,5.353
6/15/22,600,,7.05
6/15/22,700,,8.97
6/15/22,800,,9.92
6/15/22,900,,9.82
6/15/22,1000,,9.29
6/15/22,1100,,12.21
6/15/22,1200,,13.57
6/15/22,1300,,12.83
6/15/22,1400,,12.95
6/15/22,1500,,12.95
6/15/22,1600,,9.67
6/15/22,1700,,8.24
6/15/22,1800,,8.62
6/15/22,1900,,10.23
6/15/22,2000,,9.89
6/15/22,2100,,10.73
6/15/22,2200,,10.25
6/15/22,2300,,8.8
6/15/22,2400,,7.527
6/16/22,100,,5.678
6/16/22,200,,5.049
6/16/22,300,,4.586
6/16/22,400,,4.795
6/16/22,500,,5.265
6/16/22,600,,6.096
6/16/22,700,,8.28
6/16/22,800,,9.72
6/16/22,900,,10.18
6/16/22,1000,,11.81
6/16/22,1100,,12.71
6/16/22,1200,,12.27
6/16/22,1300,,11.57
6/16/22,1400,,12.67
6/16/22,1500,,12.95
6/16/22,1600,,13.49
6/16/22,1700,,11.24
6/16/22,1800,,10.77
6/16/22,1900,,10.35
6/16/22,2000,,11.23
6/16/22,2100,,10.37
6/16/22,2200,,8.39
6/16/22,2300,,8.03
6/16/22,2400,,8.75
6/17/22,100,,6.346
6/17/22,200,,4.645
6/17/22,300,,5.274
6/17/22,400,,6.178
6/17/22,500,,7.278
6/17/22,600,,8.8
6/17/22,700,,10.44
6/17/22,800,,12.66
6/17/22,900,,13.7
6/17/22,1000,,13.99
6/17/22,1100,,12.73
6/17/22,1200,,12.44
6/17/22,1300,,12.04
6/17/22,1400,,12.12
6/17/22,1500,,12.59
6/17/22,1600,,12.11
6/17/22,1700,,12.2
6/17/22,1800,,11.93
6/17/22,1900,,11.45
6/17/22,2000,,11.5
6/17/22,2100,,11.37
6/17/22,2200,,10.09
6/17/22,2300,,8.41
6/17/22,2400,,6.925
6/18/22,100,,6.381
6/18/22,200,,4.201
6/18/22,300,,3.076
6/18/22,400,,3.479
6/18/22,500,,3.25
6/18/22,600,,3.693
6/18/22,700,,3.784
6/18/22,800,,4.287
6/18/22,900,,5.05
6/18/22,1000,,5.199
6/18/22,1100,,5.684
6/18/22,1200,,6.466
6/18/22,1300,,7.537
6/18/22,1400,,8.57
6/18/22,1500,,9.39
6/18/22,1600,,9.52
6/18/22,1700,,9.2
6/18/22,1800,,9.37
6/18/22,1900,,9.57
6/18/22,2000,,9.46
6/18/22,2100,,9.03
6/18/22,2200,,8.3
6/18/22,2300,,8.12
6/18/22,2400,,7.327
6/19/22,100,,5.562
6/19/22,200,,3.635
6/19/22,300,,1.798
6/19/22,400,,2.143
6/19/22,500,,4.143
6/19/22,600,,5.518
6/19/22,700,,7.667
6/19/22,800,,9.76
6/19/22,900,,9.43
6/19/22,1000,,10.06
6/19/22,1100,,10.34
6/19/22,1200,,11.38
6/19/22,1300,,11.97
6/19/22,1400,,12.27
6/19/22,1500,,12.56
6/19/22,1600,,12.38
6/19/22,1700,,13.2
6/19/22,1800,,13.7
6/19/22,1900,,13.49
6/19/22,2000,,12.97
6/19/22,2100,,12.54
6/19/22,2200,,11.72
6/19/22,2300,,10.22
6/19/22,2400,,8.3
6/20/22,100,,3.722
6/20/22,200,,2.581
6/20/22,300,,3.655
6/20/22,400,,5.173
6/20/22,500,,6.986
6/20/22,600,,9.07
6/20/22,700,,11.62
6/20/22,800,,13.48
6/20/22,900,,14.4
6/20/22,1000,,15.77
6/20/22,1100,,16.41
6/20/22,1200,,16.75
6/20/22,1300,,17.49
6/20/22,1400,,17.59
6/20/22,1500,,17.66
6/20/22,1600,,16.91
6/20/22,1700,,16.69
6/20/22,1800,,16.97
6/20/22,1900,,16.53
6/20/22,2000,,17.47
6/20/22,2100,,17.52
6/20/22,2200,,15.67
6/20/22,2300,,14.36
6/20/22,2400,,13.8
6/21/22,100,,9.92
6/21/22,200,,7.786
6/21/22,300,,6.854
6/21/22,400,,8.3
6/21/22,500,,9.19
6/21/22,600,,11.59
6/21/22,700,,13.85
6/21/22,800,,13.4
6/21/22,900,,13.72
6/21/22,1000,,13.14
6/21/22,1100,,10.73
6/21/22,1200,,8.7
6/21/22,1300,,9.59
6/21/22,1400,,9.52
6/21/22,1500,,10.54
6/21/22,1600,,10.25
6/21/22,1700,,9.58
6/21/22,1800,,9.14
6/21/22,1900,,10.48
6/21/22,2000,,11.37
6/21/22,2100,,10.85
6/21/22,2200,,10.89
6/21/22,2300,,10.61
6/21/22,2400,,8.91
6/22/22,100,,8.35
6/22/22,200,,8.05
6/22/22,300,,7.781
6/22/22,400,,5.858
6/22/22,500,,6.688
6/22/22,600,,9.17
6/22/22,700,,9.13
6/22/22,800,,10.75
6/22/22,900,,10.59
6/22/22,1000,,12.64
6/22/22,1100,,13.56
6/22/22,1200,,12.91
6/22/22,1300,,14.18
6/22/22,1400,,14.5
6/22/22,1500,,14.88
6/22/22,1600,,15.15
6/22/22,1700,,14.74
6/22/22,1800,,12.41
6/22/22,1900,,10.87
6/22/22,2000,,9.5
6/22/22,2100,,8.14
6/22/22,2200,,7.714
6/22/22,2300,,6.888
6/22/22,2400,,6.415
6/23/22,100,,6.122
6/23/22,200,,5.959
6/23/22,300,,5.908
6/23/22,400,,5.807
6/23/22,500,,5.902
6/23/22,600,,5.68
6/23/22,700,,6.274
6/23/22,800,,7.022
6/23/22,900,,7.505
6/23/22,1000,,8.37
6/23/22,1100,,9.37
6/23/22,1200,,9.55
6/23/22,1300,,6.945
6/23/22,1400,,8.11
6/23/22,1500,,8.82
6/23/22,1600,,8.91
6/23/22,1700,,7.079
6/23/22,1800,,7.758
6/23/22,1900,,9.64
6/23/22,2000,,10.26
6/23/22,2100,,10.46
6/23/22,2200,,8.82
6/23/22,2300,,7.23
6/23/22,2400,,6.331
6/24/22,100,,5.885
6/24/22,200,,4.737
6/24/22,300,,4.433
6/24/22,400,,4.327
6/24/22,500,,4.263
6/24/22,600,,4.595
6/24/22,700,,5.474
6/24/22,800,,6.163
6/24/22,900,,7.179
6/24/22,1000,,8.53
6/24/22,1100,,9.86
6/24/22,1200,,10.32
6/24/22,1300,,11.75
6/24/22,1400,,12.5
6/24/22,1500,,12.52
6/24/22,1600,,12.5
6/24/22,1700,,12.64
6/24/22,1800,,12.42
6/24/22,1900,,12.08
6/24/22,2000,,12.12
6/24/22,2100,,11.37
6/24/22,2200,,10.96
6/24/22,2300,,10.33
6/24/22,2400,,8.71
6/25/22,100,,6.683
6/25/22,200,,4.953
6/25/22,300,,5.116
6/25/22,400,,7.226
6/25/22,500,,7.828
6/25/22,600,,10.23
6/25/22,700,,11.49
6/25/22,800,,12.36
6/25/22,900,,13.42
6/25/22,1000,,14.08
6/25/22,1100,,15.26
6/25/22,1200,,16.32
6/25/22,1300,,17.84
6/25/22,1400,,19.06
6/25/22,1500,,19.63
6/25/22,1600,,20.17
6/25/22,1700,,20.18
6/25/22,1800,,20.13
6/25/22,1900,,19.67
6/25/22,2000,,18.6
6/25/22,2100,,18.37
6/25/22,2200,,17.08
6/25/22,2300,,14.19
6/25/22,2400,,12.82
6/26/22,100,,12.27
6/26/22,200,,12.07
6/26/22,300,,11.71
6/26/22,400,,11.48
6/26/22,500,,11.24
6/26/22,600,,10.71
6/26/22,700,,11.19
6/26/22,800,,12.73
6/26/22,900,,14.92
6/26/22,1000,,17.45
6/26/22,1100,,18.11
6/26/22,1200,,17.95
6/26/22,1300,,16.7
6/26/22,1400,,18.44
6/26/22,1500,,18.56
6/26/22,1600,,18.7
6/26/22,1700,,18.97
6/26/22,1800,,18.65
6/26/22,1900,,17.3
6/26/22,2000,,16.77
6/26/22,2100,,16.8
6/26/22,2200,,16.19
6/26/22,2300,,15.04
6/26/22,2400,,12.71
6/27/22,100,,11.42
6/27/22,200,,11.31
6/27/22,300,,9.79
6/27/22,400,,10.12
6/27/22,500,,11.54
6/27/22,600,,12.75
6/27/22,700,,15.28
6/27/22,800,,16.53
6/27/22,900,,16.57
6/27/22,1000,,16.89
6/27/22,1100,,15.11
6/27/22,1200,,15.27
6/27/22,1300,,16.73
6/27/22,1400,,17.42
6/27/22,1500,,19.58
6/27/22,1600,,20.03
6/27/22,1700,,19.9
6/27/22,1800,,19.27
6/27/22,1900,,18.94
6/27/22,2000,,17.48
6/27/22,2100,,14.82
6/27/22,2200,,12.46
6/27/22,2300,,11.25
6/27/22,2400,,10.18
6/28/22,100,,9.48
6/28/22,200,,8.66
6/28/22,300,,8.47
6/28/22,400,,8.98
6/28/22,500,,9.92
6/28/22,600,,10.33
6/28/22,700,,10.02
6/28/22,800,,7.821
6/28/22,900,,7.776
6/28/22,1000,,7.606
6/28/22,1100,,8.56
6/28/22,1200,,9.39
6/28/22,1300,,11.25
6/28/22,1400,,11.43
6/28/22,1500,,10.34
6/28/22,1600,,8.26
6/28/22,1700,,6.953
6/28/22,1800,,7.996
6/28/22,1900,,8.84
6/28/22,2000,,9.54
6/28/22,2100,,9.99
6/28/22,2200,,9.95
6/28/22,2300,,9.26
6/28/22,2400,,5.91
6/29/22,100,,4.207
6/29/22,200,,3.512
6/29/22,300,,3.615
6/29/22,400,,5.43
6/29/22,500,,7.125
6/29/22,600,,9.06
6/29/22,700,,10.06
6/29/22,800,,11.12
6/29/22,900,,12.43
6/29/22,1000,,13.39
6/29/22,1100,,14.15
6/29/22,1200,,14.97
6/29/22,1300,,15.29
6/29/22,1400,,15.93
6/29/22,1500,,16.23
6/29/22,1600,,17.02
6/29/22,1700,,17.2
6/29/22,1800,,17.42
6/29/22,1900,,16.08
6/29/22,2000,,15.88
6/29/22,2100,,15.75
6/29/22,2200,,13.21
6/29/22,2300,,11.82
6/29/22,2400,,10.84
6/30/22,100,,9.66
6/30/22,200,,9.23
6/30/22,300,,8.89
6/30/22,400,,8.81
6/30/22,500,,9.29
6/30/22,600,,9.95
6/30/22,700,,10.64
6/30/22,800,,11.88
6/30/22,900,,13.99
6/30/22,1000,,16.29
6/30/22,1100,,17.29
6/30/22,1200,,17.9
6/30/22,1300,,18.44
6/30/22,1400,,19.37
6/30/22,1500,,19.75
6/30/22,1600,,20.36
6/30/22,1700,,20
6/30/22,1800,,19.94
6/30/22,1900,,19.78
6/30/22,2000,,19.4
6/30/22,2100,,18.9
6/30/22,2200,,17.36
6/30/22,2300,,16.93
6/30/22,2400,,16.07
7/1/22,100,,11.51
7/1/22,200,,9.71
7/1/22,300,,9.74
7/1/22,400,,10.32
7/1/22,500,,11
7/1/22,600,,11.91
7/1/22,700,,13.95
7/1/22,800,,15.95
7/1/22,900,,17.56
7/1/22,1000,,19
7/1/22,1100,,19.27
7/1/22,1200,,19.52
7/1/22,1300,,19.85
7/1/22,1400,,20.17
7/1/22,1500,,20.65
7/1/22,1600,,21.01
7/1/22,1700,,21.1
7/1/22,1800,,20.66
7/1/22,1900,,20.43
7/1/22,2000,,19.89
7/1/22,2100,,18.33
7/1/22,2200,,16.7
7/1/22,2300,,16.5
7/1/22,2400,,15.1
7/2/22,100,,12.1
7/2/22,200,,11.04
7/2/22,300,,10.06
7/2/22,400,,10.69
7/2/22,500,,12.16
7/2/22,600,,13.3
7/2/22,700,,14.38
7/2/22,800,,16.56
7/2/22,900,,18.19
7/2/22,1000,,19.86
7/2/22,1100,,18.87
7/2/22,1200,,19.51
7/2/22,1300,,21.03
7/2/22,1400,,20.94
7/2/22,1500,,20.17
7/2/22,1600,,18.66
7/2/22,1700,,17.57
7/2/22,1800,,16.88
7/2/22,1900,,19
7/2/22,2000,,19.54
7/2/22,2100,,19.04
7/2/22,2200,,18.33
7/2/22,2300,,17.14
7/2/22,2400,,12.72
7/3/22,100,,11.96
7/3/22,200,,11.07
7/3/22,300,,11.04
7/3/22,400,,11.25
7/3/22,500,,11.56
7/3/22,600,,12.77
7/3/22,700,,14.89
7/3/22,800,,16.83
7/3/22,900,,16.85
7/3/22,1000,,16.77
7/3/22,1100,,17.14
7/3/22,1200,,17.72
7/3/22,1300,,18.2
7/3/22,1400,,18.08
7/3/22,1500,,18.26
7/3/22,1600,,19.16
7/3/22,1700,,19.4
7/3/22,1800,,18.52
7/3/22,1900,,16.33
7/3/22,2000,,15.3
7/3/22,2100,,14.08
7/3/22,2200,,13.29
7/3/22,2300,,12.84
7/3/22,2400,,11.18
7/4/22,100,,9.55
7/4/22,200,,8.48
7/4/22,300,,9.08
7/4/22,400,,10.9
7/4/22,500,,10.8
7/4/22,600,,11.52
7/4/22,700,,12.54
7/4/22,800,,13.39
7/4/22,900,,15.56
7/4/22,1000,,16.35
7/4/22,1100,,16.86
7/4/22,1200,,17.49
7/4/22,1300,,18.34
7/4/22,1400,,18.66
7/4/22,1500,,19.16
7/4/22,1600,,19.4
7/4/22,1700,,19.42
7/4/22,1800,,19.18
7/4/22,1900,,19.09
7/4/22,2000,,19.03
7/4/22,2100,,18.51
7/4/22,2200,,17.08
7/4/22,2300,,15.59
7/4/22,2400,,11.85
7/5/22,100,,9.55
7/5/22,200,,8.79
7/5/22,300,,9.7
7/5/22,400,,9.56
7/5/22,500,,10.73
7/5/22,600,,13.01
7/5/22,700,,14.33
7/5/22,800,,14.86
7/5/22,900,,16.74
7/5/22,1000,,18.78
7/5/22,1100,,19.27
7/5/22,1200,,19.59
7/5/22,1300,,20.1
7/5/22,1400,,20.88
7/5/22,1500,,16.44
7/5/22,1600,,14.76
7/5/22,1700,,15.52
7/5/22,1800,,16.16
7/5/22,1900,,17.15
7/5/22,2000,,17.14
7/5/22,2100,,16.75
7/5/22,2200,,14.7
7/5/22,2300,,13.24
7/5/22,2400,,12.56
7/6/22,100,,9.99
7/6/22,200,,8.88
7/6/22,300,,8.06
7/6/22,400,,8.27
7/6/22,500,,8.76
7/6/22,600,,9.88
7/6/22,700,,11.23
7/6/22,800,,12.64
7/6/22,900,,13.99
7/6/22,1000,,15.89
7/6/22,1100,,17.44
7/6/22,1200,,17.72
7/6/22,1300,,18.41
7/6/22,1400,,18.76
7/6/22,1500,,19.03
7/6/22,1600,,19.52
7/6/22,1700,,19.69
7/6/22,1800,,19.56
7/6/22,1900,,19.38
7/6/22,2000,,19.14
7/6/22,2100,,18.38
7/6/22,2200,,17.41
7/6/22,2300,,15.85
7/6/22,2400,,13.63
7/7/22,100,,11.3
7/7/22,200,,9.89
7/7/22,300,,10.13
7/7/22,400,,11.21
7/7/22,500,,12.07
7/7/22,600,,15.05
7/7/22,700,,15.76
7/7/22,800,,16.85
7/7/22,900,,17.91
7/7/22,1000,,20.02
7/7/22,1100,,21.16
7/7/22,1200,,20.92
7/7/22,1300,,20.7
7/7/22,1400,,19.94
7/7/22,1500,,20.12
7/7/22,1600,,19.08
7/7/22,1700,,15.74
7/7/22,1800,,14.44
7/7/22,1900,,13.14
7/7/22,2000,,13.14
7/7/22,2100,,12.65
7/7/22,2200,,12.33
7/7/22,2300,,12.26
7/7/22,2400,,11.94
7/8/22,100,,11.24
7/8/22,200,,10.93
7/8/22,300,,10.59
7/8/22,400,,10.56
7/8/22,500,,11.5
7/8/22,600,,12.13
7/8/22,700,,12.45
7/8/22,800,,13.38
7/8/22,900,,14.63
7/8/22,1000,,15.95
7/8/22,1100,,16.79
7/8/22,1200,,17.62
7/8/22,1300,,18.46
7/8/22,1400,,19.21
7/8/22,1500,,19.49
7/8/22,1600,,18.49
7/8/22,1700,,13.74
7/8/22,1800,,15.28
7/8/22,1900,,16.7
7/8/22,2000,,16.6
7/8/22,2100,,15.99
7/8/22,2200,,13.47
7/8/22,2300,,11.99
7/8/22,2400,,12.21
7/9/22,100,,10.43
7/9/22,200,,10.43
7/9/22,300,,10.34
7/9/22,400,,9.05
7/9/22,500,,9.77
7/9/22,600,,11.48
7/9/22,700,,13.77
7/9/22,800,,15.33
7/9/22,900,,16.23
7/9/22,1000,,17.49
7/9/22,1100,,18.64
7/9/22,1200,,18.92
7/9/22,1300,,19.58
7/9/22,1400,,20.39
7/9/22,1500,,20.66
7/9/22,1600,,20.87
7/9/22,1700,,20.8
7/9/22,1800,,20.65
7/9/22,1900,,20.41
7/9/22,2000,,19.09
7/9/22,2100,,17.56
7/9/22,2200,,17.45
7/9/22,2300,,14.98
7/9/22,2400,,13.2
7/10/22,100,,10.53
7/10/22,200,,8.48
7/10/22,300,,9.27
7/10/22,400,,10.04
7/10/22,500,,10.7
7/10/22,600,,12.39
7/10/22,700,,14.79
7/10/22,800,,16.71
7/10/22,900,,17.86
7/10/22,1000,,18.25
7/10/22,1100,,18.92
7/10/22,1200,,19.62
7/10/22,1300,,19.86
7/10/22,1400,,19.91
7/10/22,1500,,19.7
7/10/22,1600,,19.89
7/10/22,1700,,19.99
7/10/22,1800,,19.94
7/10/22,1900,,19.74
7/10/22,2000,,19.53
7/10/22,2100,,17.7
7/10/22,2200,,16.75
7/10/22,2300,,13.31
7/10/22,2400,,10.02
7/11/22,100,,9.17
7/11/22,200,,9.25
7/11/22,300,,9.14
7/11/22,400,,9.05
7/11/22,500,,9.55
7/11/22,600,,11.87
7/11/22,700,,13.59
7/11/22,800,,13.69
7/11/22,900,,14.21
7/11/22,1000,,14.07
7/11/22,1100,,13.47
7/11/22,1200,,12.62
7/11/22,1300,,12.28
7/11/22,1400,,12.33
7/11/22,1500,,12.08
7/11/22,1600,,11.32
7/11/22,1700,,10.97
7/11/22,1800,,10.72
7/11/22,1900,,10.87
7/11/22,2000,,11.36
7/11/22,2100,,10.95
7/11/22,2200,,10.4
7/11/22,2300,,10.17
7/11/22,2400,,10.04
7/12/22,100,,8.24
7/12/22,200,,7.762
7/12/22,300,,7.361
7/12/22,400,,7.009
7/12/22,500,,6.912
7/12/22,600,,6.8
7/12/22,700,,5.704
7/12/22,800,,4.925
7/12/22,900,,4.877
7/12/22,1000,,5.312
7/12/22,1100,,5.235
7/12/22,1200,,5.477
7/12/22,1300,,5.422
7/12/22,1400,,5.271
7/12/22,1500,,4.772
7/12/22,1600,,4.387
7/12/22,1700,,4.346
7/12/22,1800,,4.097
7/12/22,1900,,3.584
7/12/22,2000,,3.208
7/12/22,2100,,3.024
7/12/22,2200,,2.279
7/12/22,2300,,0.539
7/12/22,2400,,0.1
7/13/22,100,,-0.433
7/13/22,200,,-0.57
7/13/22,300,,-0.429
7/13/22,400,,-0.254
7/13/22,500,,-0.309
7/13/22,600,,-0.455
7/13/22,700,,-0.303
7/13/22,800,,-0.247
7/13/22,900,,-0.296
7/13/22,1000,,-0.403
7/13/22,1100,,-0.211
7/13/22,1200,,0.161
7/13/22,1300,,0.06
7/13/22,1400,,0.48
7/13/22,1500,,-0.154
7/13/22,1600,,-0.207
7/13/22,1700,,-0.318
7/13/22,1800,,-0.313
7/13/22,1900,,-0.057
7/13/22,2000,,0.471
7/13/22,2100,,0.474
7/13/22,2200,,0.548
7/13/22,2300,,0.589
7/13/22,2400,,0.603
7/14/22,100,,1.305
7/14/22,200,,1.468
7/14/22,300,,1.633
7/14/22,400,,1.419
7/14/22,500,,1.45
7/14/22,600,,1.815
7/14/22,700,,1.616
7/14/22,800,,1.757
7/14/22,900,,1.793
7/14/22,1000,,2.316
7/14/22,1100,,3.207
7/14/22,1200,,3.868
7/14/22,1300,,4.169
7/14/22,1400,,4.771
7/14/22,1500,,5.763
7/14/22,1600,,6.401
7/14/22,1700,,7.345
7/14/22,1800,,6.821
7/14/22,1900,,5.703
7/14/22,2000,,6.158
7/14/22,2100,,6.517
7/14/22,2200,,6.639
7/14/22,2300,,5.228
7/14/22,2400,,3.822
7/15/22,100,,2.376
7/15/22,200,,1.988
7/15/22,300,,2.487
7/15/22,400,,3.047
7/15/22,500,,3.443
7/15/22,600,,4.121
7/15/22,700,,5.732
7/15/22,800,,6.939
7/15/22,900,,8.38
7/15/22,1000,,9.19
7/15/22,1100,,9.54
7/15/22,1200,,10
7/15/22,1300,,10.54
7/15/22,1400,,10.34
7/15/22,1500,,11.08
7/15/22,1600,,11.07
7/15/22,1700,,10.54
7/15/22,1800,,9.6
7/15/22,1900,,9.32
7/15/22,2000,,8.56
7/15/22,2100,,7.437
7/15/22,2200,,6.634
7/15/22,2300,,5.541
7/15/22,2400,,5.021
7/16/22,100,,4.709
7/16/22,200,,4.199
7/16/22,300,,3.111
7/16/22,400,,2.616
7/16/22,500,,1.175
7/16/22,600,,1.89
7/16/22,700,,3.187
7/16/22,800,,4.05
7/16/22,900,,4.748
7/16/22,1000,,5.519
7/16/22,1100,,7.259
7/16/22,1200,,8.35
7/16/22,1300,,8.65
7/16/22,1400,,8.92
7/16/22,1500,,9.22
7/16/22,1600,,10.54
7/16/22,1700,,11.49
7/16/22,1800,,11.67
7/16/22,1900,,11.49
7/16/22,2000,,10.39
7/16/22,2100,,10.43
7/16/22,2200,,10.14
7/16/22,2300,,9.53
7/16/22,2400,,7.83
7/17/22,100,,6.875
7/17/22,200,,6.359
7/17/22,300,,7.828
7/17/22,400,,8.43
7/17/22,500,,9.12
7/17/22,600,,9.2
7/17/22,700,,9.41
7/17/22,800,,10.76
7/17/22,900,,11.72
7/17/22,1000,,12.31
7/17/22,1100,,12.89
7/17/22,1200,,13.27
7/17/22,1300,,13.88
7/17/22,1400,,13.84
7/17/22,1500,,14
7/17/22,1600,,14.23
7/17/22,1700,,13.9
7/17/22,1800,,13.31
7/17/22,1900,,11.86
7/17/22,2000,,11.24
7/17/22,2100,,10.51
7/17/22,2200,,10.08
7/17/22,2300,,9.06
7/17/22,2400,,8.62
7/18/22,100,,7.477
7/18/22,200,,7.727
7/18/22,300,,8.26
7/18/22,400,,8.25
7/18/22,500,,8.53
7/18/22,600,,8.83
7/18/22,700,,10.3
7/18/22,800,,11.87
7/18/22,900,,13.22
7/18/22,1000,,13.85
7/18/22,1100,,13.87
7/18/22,1200,,14.15
7/18/22,1300,,15
7/18/22,1400,,13.42
7/18/22,1500,,8.27
7/18/22,1600,,6.173
7/18/22,1700,,4.194
7/18/22,1800,,3.653
7/18/22,1900,,3.415
7/18/22,2000,,3.434
7/18/22,2100,,3.553
7/18/22,2200,,3.773
7/18/22,2300,,4.211
7/18/22,2400,,4.084
7/19/22,100,,3.713
7/19/22,200,,3.203
7/19/22,300,,1.798
7/19/22,400,,1.873
7/19/22,500,,1.511
7/19/22,600,,2.827
7/19/22,700,,4.166
7/19/22,800,,5.802
7/19/22,900,,6.91
7/19/22,1000,,8.51
7/19/22,1100,,9.09
7/19/22,1200,,10.01
7/19/22,1300,,10.59
7/19/22,1400,,10.55
7/19/22,1500,,11.47
7/19/22,1600,,12.5
7/19/22,1700,,12.02
7/19/22,1800,,10.87
7/19/22,1900,,10.49
7/19/22,2000,,9.85
7/19/22,2100,,9.38
7/19/22,2200,,8.94
7/19/22,2300,,7.685
7/19/22,2400,,6.926
7/20/22,100,,5.729
7/20/22,200,,4.297
7/20/22,300,,4.261
7/20/22,400,,5.96
7/20/22,500,,6.923
7/20/22,600,,7.789
7/20/22,700,,8.79
7/20/22,800,,9.29
7/20/22,900,,9.81
7/20/22,1000,,10.75
7/20/22,1100,,11.37
7/20/22,1200,,12.1
7/20/22,1300,,12.78
7/20/22,1400,,13.49
7/20/22,1500,,14.09
7/20/22,1600,,14.69
7/20/22,1700,,15.02
7/20/22,1800,,14.9
7/20/22,1900,,15.28
7/20/22,2000,,15.23
7/20/22,2100,,13.72
7/20/22,2200,,11.64
7/20/22,2300,,9.87
7/20/22,2400,,9.98
7/21/22,100,,7.275
7/21/22,200,,7.051
7/21/22,300,,7.734
7/21/22,400,,7.984
7/21/22,500,,9.4
7/21/22,600,,10.17
7/21/22,700,,11.8
7/21/22,800,,13.11
7/21/22,900,,13.87
7/21/22,1000,,13.92
7/21/22,1100,,14.63
7/21/22,1200,,14.88
7/21/22,1300,,14.72
7/21/22,1400,,12.83
7/21/22,1500,,12.81
7/21/22,1600,,12.76
7/21/22,1700,,9.38
7/21/22,1800,,9.11
7/21/22,1900,,9.29
7/21/22,2000,,9.61
7/21/22,2100,,9.51
7/21/22,2200,,8.61
7/21/22,2300,,8.31
7/21/22,2400,,7.432
7/22/22,100,,5.991
7/22/22,200,,6.37
7/22/22,300,,5.894
7/22/22,400,,6.018
7/22/22,500,,6.405
7/22/22,600,,6.885
7/22/22,700,,7.986
7/22/22,800,,9.2
7/22/22,900,,9.14
7/22/22,1000,,8.69
7/22/22,1100,,9.3
7/22/22,1200,,9.56
7/22/22,1300,,9.73
7/22/22,1400,,9.68
7/22/22,1500,,9.47
7/22/22,1600,,9.45
7/22/22,1700,,9.09
7/22/22,1800,,9.5
7/22/22,1900,,9.26
7/22/22,2000,,9.18
7/22/22,2100,,9.01
7/22/22,2200,,9.35
7/22/22,2300,,9
7/22/22,2400,,7.558
7/23/22,100,,6.676
7/23/22,200,,5.923
7/23/22,300,,5.582
7/23/22,400,,5.374
7/23/22,500,,5.426
7/23/22,600,,5.533
7/23/22,700,,5.835
7/23/22,800,,6.071
7/23/22,900,,6.382
7/23/22,1000,,6.672
7/23/22,1100,,6.999
7/23/22,1200,,7.207
7/23/22,1300,,7.339
7/23/22,1400,,7.637
7/23/22,1500,,7.859
7/23/22,1600,,8
7/23/22,1700,,8.03
7/23/22,1800,,7.812
7/23/22,1900,,8.05
7/23/22,2000,,8.11
7/23/22,2100,,8.12
7/23/22,2200,,8
7/23/22,2300,,6.904
7/23/22,2400,,6.555
7/24/22,100,,6.384
7/24/22,200,,5.509
7/24/22,300,,4.737
7/24/22,400,,4.756
7/24/22,500,,5.326
7/24/22,600,,6.222
7/24/22,700,,7.063
7/24/22,800,,7.963
7/24/22,900,,8.5
7/24/22,1000,,9.27
7/24/22,1100,,10.39
7/24/22,1200,,11.26
7/24/22,1300,,10.66
7/24/22,1400,,11.25
7/24/22,1500,,11.45
7/24/22,1600,,11.81
7/24/22,1700,,12.7
7/24/22,1800,,12.64
7/24/22,1900,,12.45
7/24/22,2000,,11.51
7/24/22,2100,,10.36
7/24/22,2200,,9.42
7/24/22,2300,,9.42
7/24/22,2400,,7.156
7/25/22,100,,6.569
7/25/22,200,,5.813
7/25/22,300,,5.99
7/25/22,400,,6.423
7/25/22,500,,9.62
7/25/22,600,,10.21
7/25/22,700,,9.43
7/25/22,800,,10.53
7/25/22,900,,13.51
7/25/22,1000,,14.64
7/25/22,1100,,15.82
7/25/22,1200,,17.44
7/25/22,1300,,18.15
7/25/22,1400,,18.6
7/25/22,1500,,18.26
7/25/22,1600,,17.76
7/25/22,1700,,17.79
7/25/22,1800,,17.14
7/25/22,1900,,14.93
7/25/22,2000,,11.35
7/25/22,2100,,10.28
7/25/22,2200,,9.74
7/25/22,2300,,9.6
7/25/22,2400,,10.18
7/26/22,100,,10.44
7/26/22,200,,9.85
7/26/22,300,,9.35
7/26/22,400,,9.06
7/26/22,500,,9.38
7/26/22,600,,9.07
7/26/22,700,,9.05
7/26/22,800,,8.91
7/26/22,900,,8.55
7/26/22,1000,,8.35
7/26/22,1100,,8.69
7/26/22,1200,,8.79
7/26/22,1300,,8.86
7/26/22,1400,,9.28
7/26/22,1500,,9.53
7/26/22,1600,,9.52
7/26/22,1700,,9.59
7/26/22,1800,,9.13
7/26/22,1900,,8.96
7/26/22,2000,,8.3
7/26/22,2100,,7.58
7/26/22,2200,,7.212
7/26/22,2300,,7.011
7/26/22,2400,,6.603
7/27/22,100,,6.18
7/27/22,200,,6.317
7/27/22,300,,4.198
7/27/22,400,,3.866
7/27/22,500,,3.857
7/27/22,600,,3.334
7/27/22,700,,3.24
7/27/22,800,,3.109
7/27/22,900,,2.285
7/27/22,1000,,2.117
7/27/22,1100,,2.226
7/27/22,1200,,2.41
7/27/22,1300,,3.307
7/27/22,1400,,3.893
7/27/22,1500,,4.19
7/27/22,1600,,4.129
7/27/22,1700,,3.814
7/27/22,1800,,3.642
7/27/22,1900,,3.519
7/27/22,2000,,3.48
7/27/22,2100,,2.957
7/27/22,2200,,2.55
7/27/22,2300,,2.491
7/27/22,2400,,2.344
7/28/22,100,,2.27
7/28/22,200,,2.043
7/28/22,300,,1.742
7/28/22,400,,1.512
7/28/22,500,,0.692
7/28/22,600,,0.707
7/28/22,700,,0.863
7/28/22,800,,1.132
7/28/22,900,,1.326
7/28/22,1000,,1.155
7/28/22,1100,,1.151
7/28/22,1200,,1.161
7/28/22,1300,,0.979
7/28/22,1400,,1.235
7/28/22,1500,,1.439
7/28/22,1600,,1.527
7/28/22,1700,,1.351
7/28/22,1800,,1.966
7/28/22,1900,,1.832
7/28/22,2000,,1.93
7/28/22,2100,,1.862
7/28/22,2200,,1.672
7/28/22,2300,,1.715
7/28/22,2400,,1.871
7/29/22,100,,1.864
7/29/22,200,,1.552
7/29/22,300,,1.212
7/29/22,400,,1.043
7/29/22,500,,0.747
7/29/22,600,,0.862
7/29/22,700,,1.317
7/29/22,800,,1.68
7/29/22,900,,2.235
7/29/22,1000,,2.519
7/29/22,1100,,2.75
7/29/22,1200,,3.122
7/29/22,1300,,3.706
7/29/22,1400,,4.456
7/29/22,1500,,4.809
7/29/22,1600,,4.927
7/29/22,1700,,4.966
7/29/22,1800,,5.262
7/29/22,1900,,5.17
7/29/22,2000,,4.878
7/29/22,2100,,4.764
7/29/22,2200,,4.141
7/29/22,2300,,3.927
7/29/22,2400,,3.447
7/30/22,100,,3.306
7/30/22,200,,3.132
7/30/22,300,,2.834
7/30/22,400,,2.687
7/30/22,500,,2.867
7/30/22,600,,3.338
7/30/22,700,,3.74
7/30/22,800,,4.744
7/30/22,900,,5.375
7/30/22,1000,,6.137
7/30/22,1100,,6.763
7/30/22,1200,,7.219
7/30/22,1300,,8.2
7/30/22,1400,,8.88
7/30/22,1500,,9.75
7/30/22,1600,,10.43
7/30/22,1700,,10.65
7/30/22,1800,,11.52
7/30/22,1900,,11.86
7/30/22,2000,,11.36
7/30/22,2100,,10.36
7/30/22,2200,,7.4
7/30/22,2300,,4.705
7/30/22,2400,,3.328
7/31/22,100,,3.01
7/31/22,200,,2.925
7/31/22,300,,2.804
7/31/22,400,,2.691
7/31/22,500,,2.733
7/31/22,600,,3.149
7/31/22,700,,4.325
7/31/22,800,,5.706
7/31/22,900,,6.037
7/31/22,1000,,5.511
7/31/22,1100,,5.497
7/31/22,1200,,6.74
7/31/22,1300,,7.835
7/31/22,1400,,8.56
7/31/22,1500,,9.22
7/31/22,1600,,9.99
7/31/22,1700,,9.85
7/31/22,1800,,9.02
7/31/22,1900,,7.579
7/31/22,2000,,6.671
7/31/22,2100,,6.078
7/31/22,2200,,5.601
7/31/22,2300,,5.184
7/31/22,2400,,4.793
8/1/22,100,,4.51
8/1/22,200,,4.437
8/1/22,300,,4.657
8/1/22,400,,4.7
8/1/22,500,,4.959
8/1/22,600,,5.102
8/1/22,700,,5.585
8/1/22,800,,4.86
8/1/22,900,,4.225
8/1/22,1000,,4.058
8/1/22,1100,,3.755
8/1/22,1200,,3.924
8/1/22,1300,,3.86
8/1/22,1400,,3.941
8/1/22,1500,,4.14
8/1/22,1600,,4.068
8/1/22,1700,,3.578
8/1/22,1800,,3.204
8/1/22,1900,,3.187
8/1/22,2000,,3.382
8/1/22,2100,,3.421
8/1/22,2200,,3.426
8/1/22,2300,,3.401
8/1/22,2400,,3.047
8/2/22,100,,2.787
8/2/22,200,,2.82
8/2/22,300,,2.751
8/2/22,400,,3.113
8/2/22,500,,3.529
8/2/22,600,,3.796
8/2/22,700,,4.36
8/2/22,800,,5.336
8/2/22,900,,6.69
8/2/22,1000,,7.56
8/2/22,1100,,9.28
8/2/22,1200,,10.7
8/2/22,1300,,11.56
8/2/22,1400,,12.35
8/2/22,1500,,12.71
8/2/22,1600,,12.97
8/2/22,1700,,13.63
8/2/22,1800,,14.23
8/2/22,1900,,14.32
8/2/22,2000,,14.21
8/2/22,2100,,13.43
8/2/22,2200,,11.89
8/2/22,2300,,7.006
8/2/22,2400,,4.139
8/3/22,100,,4.542
8/3/22,200,,4.5
8/3/22,300,,4.663
8/3/22,400,,4.654
8/3/22,500,,5.257
8/3/22,600,,6.625
8/3/22,700,,8.62
8/3/22,800,,11.33
8/3/22,900,,13.91
8/3/22,1000,,14.83
8/3/22,1100,,15.27
8/3/22,1200,,15.75
8/3/22,1300,,16.15
8/3/22,1400,,16.69
8/3/22,1500,,17.75
8/3/22,1600,,17.24
8/3/22,1700,,17.75
8/3/22,1800,,17.38
8/3/22,1900,,17.17
8/3/22,2000,,16.65
8/3/22,2100,,14.94
8/3/22,2200,,12.35
8/3/22,2300,,8.75
8/3/22,2400,,5.568
8/4/22,100,,5.409
8/4/22,200,,4.361
8/4/22,300,,4.223
8/4/22,400,,5.167
8/4/22,500,,6.345
8/4/22,600,,8.2
8/4/22,700,,10.34
8/4/22,800,,13.14
8/4/22,900,,15.23
8/4/22,1000,,17.05
8/4/22,1100,,17.45
8/4/22,1200,,17.37
8/4/22,1300,,18.11
8/4/22,1400,,18.53
8/4/22,1500,,18.64
8/4/22,1600,,18.69
8/4/22,1700,,18.83
8/4/22,1800,,18.82
8/4/22,1900,,18.2
8/4/22,2000,,17.71
8/4/22,2100,,15.26
8/4/22,2200,,12.44
8/4/22,2300,,9.41
8/4/22,2400,,7.983
8/5/22,100,,7.557
8/5/22,200,,7.35
8/5/22,300,,7.605
8/5/22,400,,9.27
8/5/22,500,,10.53
8/5/22,600,,10.48
8/5/22,700,,10.93
8/5/22,800,,11.87
8/5/22,900,,11.91
8/5/22,1000,,10.85
8/5/22,1100,,10.27
8/5/22,1200,,9.79
8/5/22,1300,,10.44
8/5/22,1400,,11.39
8/5/22,1500,,12.08
8/5/22,1600,,11.66
8/5/22,1700,,10.12
8/5/22,1800,,8
8/5/22,1900,,7.51
8/5/22,2000,,7.244
8/5/22,2100,,6.93
8/5/22,2200,,7.047
8/5/22,2300,,6.759
8/5/22,2400,,6.497
8/6/22,100,,6.383
8/6/22,200,,6.251
8/6/22,300,,6.148
8/6/22,400,,6.209
8/6/22,500,,5.924
8/6/22,600,,5.515
8/6/22,700,,4.918
8/6/22,800,,3.939
8/6/22,900,,2.094
8/6/22,1000,,1.608
8/6/22,1100,,1.408
8/6/22,1200,,1.487
8/6/22,1300,,2.21
8/6/22,1400,,3.109
8/6/22,1500,,3.503
8/6/22,1600,,3.218
8/6/22,1700,,2.79
8/6/22,1800,,2.365
8/6/22,1900,,1.753
8/6/22,2000,,1.188
8/6/22,2100,,0.963
8/6/22,2200,,0.441
8/6/22,2300,,-0.23
8/6/22,2400,,-0.23
8/7/22,100,,-0.321
8/7/22,200,,-0.361
8/7/22,300,,-0.242
8/7/22,400,,-0.246
8/7/22,500,,-0.164
8/7/22,600,,0.108
8/7/22,700,,0.046
8/7/22,800,,-0.006
8/7/22,900,,1.413
8/7/22,1000,,2.355
8/7/22,1100,,3.105
8/7/22,1200,,4.201
8/7/22,1300,,5.926
8/7/22,1400,,6.467
8/7/22,1500,,7.656
8/7/22,1600,,8.58
8/7/22,1700,,9.54
8/7/22,1800,,9.46
8/7/22,1900,,8.69
8/7/22,2000,,8.43
8/7/22,2100,,7.837
8/7/22,2200,,7.033
8/7/22,2300,,5.881
8/7/22,2400,,5.621
8/8/22,100,,5.137
8/8/22,200,,3.888
8/8/22,300,,5.461
8/8/22,400,,5.716
8/8/22,500,,5.001
8/8/22,600,,3.865
8/8/22,700,,5.847
8/8/22,800,,6.893
8/8/22,900,,8.39
8/8/22,1000,,9.85
8/8/22,1100,,10.2
8/8/22,1200,,10.23
8/8/22,1300,,10.63
8/8/22,1400,,10.77
8/8/22,1500,,10.79
8/8/22,1600,,9.95
8/8/22,1700,,10.68
8/8/22,1800,,9.88
8/8/22,1900,,9.57
8/8/22,2000,,8.28
8/8/22,2100,,7.498
8/8/22,2200,,6.537
8/8/22,2300,,4.65
8/8/22,2400,,3.528
8/9/22,100,,4.051
8/9/22,200,,3.659
8/9/22,300,,3.477
8/9/22,400,,2.43
8/9/22,500,,1.056
8/9/22,600,,0.582
8/9/22,700,,2.769
8/9/22,800,,2.632
8/9/22,900,,1.792
8/9/22,1000,,1.159
8/9/22,1100,,0.991
8/9/22,1200,,0.849
8/9/22,1300,,0.879
8/9/22,1400,,1.703
8/9/22,1500,,2.558
8/9/22,1600,,3.685
8/9/22,1700,,4.411
8/9/22,1800,,4.579
8/9/22,1900,,4.176
8/9/22,2000,,3.954
8/9/22,2100,,3.25
8/9/22,2200,,2.614
8/9/22,2300,,2.344
8/9/22,2400,,2.505
8/10/22,100,,2.423
8/10/22,200,,2.388
8/10/22,300,,2.587
8/10/22,400,,2.6
8/10/22,500,,3.331
8/10/22,600,,4.088
8/10/22,700,,4.728
8/10/22,800,,5.617
8/10/22,900,,6.798
8/10/22,1000,,7.984
8/10/22,1100,,9.05
8/10/22,1200,,9.78
8/10/22,1300,,10.88
8/10/22,1400,,11.39
8/10/22,1500,,11.42
8/10/22,1600,,11.36
8/10/22,1700,,11.4
8/10/22,1800,,11.02
8/10/22,1900,,10.45
8/10/22,2000,,9.5
8/10/22,2100,,8.52
8/10/22,2200,,8.18
8/10/22,2300,,7.731
8/10/22,2400,,7.937
8/11/22,100,,7.485
8/11/22,200,,7.278
8/11/22,300,,6.53
8/11/22,400,,6.246
8/11/22,500,,6.517
8/11/22,600,,7.186
8/11/22,700,,8.16
8/11/22,800,,8.71
8/11/22,900,,9.73
8/11/22,1000,,10.33
8/11/22,1100,,11.41
8/11/22,1200,,12.72
8/11/22,1300,,13.09
8/11/22,1400,,12.63
8/11/22,1500,,12.74
8/11/22,1600,,13.13
8/11/22,1700,,13.66
8/11/22,1800,,14.05
8/11/22,1900,,13.73
8/11/22,2000,,13.69
8/11/22,2100,,12.11
8/11/22,2200,,9.3
8/11/22,2300,,5.767
8/11/22,2400,,4.456
8/12/22,100,,4.209
8/12/22,200,,4.798
8/12/22,300,,4.463
8/12/22,400,,5.03
8/12/22,500,,6.009
8/12/22,600,,6.706
8/12/22,700,,8.42
8/12/22,800,,11.48
8/12/22,900,,14.12
8/12/22,1000,,15.46
8/12/22,1100,,15.99
8/12/22,1200,,15.22
8/12/22,1300,,17.13
8/12/22,1400,,17.92
8/12/22,1500,,17.98
8/12/22,1600,,17.71
8/12/22,1700,,17.1
8/12/22,1800,,16.46
8/12/22,1900,,15.6
8/12/22,2000,,13.15
8/12/22,2100,,11.75
8/12/22,2200,,10.26
8/12/22,2300,,8.43
8/12/22,2400,,7.298
8/13/22,100,,6.638
8/13/22,200,,6.032
8/13/22,300,,6.382
8/13/22,400,,6.702
8/13/22,500,,7.077
8/13/22,600,,7.438
8/13/22,700,,6.859
8/13/22,800,,7.409
8/13/22,900,,7.725
8/13/22,1000,,7.84
8/13/22,1100,,8.13
8/13/22,1200,,7.428
8/13/22,1300,,4.505
8/13/22,1400,,3.918
8/13/22,1500,,3.546
8/13/22,1600,,3.131
8/13/22,1700,,2.852
8/13/22,1800,,2.458
8/13/22,1900,,2.311
8/13/22,2000,,1.909
8/13/22,2100,,1.544
8/13/22,2200,,1.021
8/13/22,2300,,0.468
8/13/22,2400,,0.397
8/14/22,100,,0.307
8/14/22,200,,-0.043
8/14/22,300,,-0.766
8/14/22,400,,-1.223
8/14/22,500,,-1.346
8/14/22,600,,-1.521
8/14/22,700,,-1.581
8/14/22,800,,-1.515
8/14/22,900,,-1.182
8/14/22,1000,,-0.909
8/14/22,1100,,-0.578
8/14/22,1200,,-0.043
8/14/22,1300,,0.451
8/14/22,1400,,0.924
8/14/22,1500,,1.129
8/14/22,1600,,2.054
8/14/22,1700,,2.322
8/14/22,1800,,2.598
8/14/22,1900,,2.445
8/14/22,2000,,2.467
8/14/22,2100,,1.788
8/14/22,2200,,1.26
8/14/22,2300,,0.932
8/14/22,2400,,0.657
8/15/22,100,,0.591
8/15/22,200,,0.287
8/15/22,300,,-0.415
8/15/22,400,,-0.713
8/15/22,500,,-0.679
8/15/22,600,,-0.358
8/15/22,700,,-0.409
8/15/22,800,,-0.088
8/15/22,900,,0.932
8/15/22,1000,,1.255
8/15/22,1100,,2.767
8/15/22,1200,,3.672
8/15/22,1300,,3.244
8/15/22,1400,,2.652
8/15/22,1500,,2.292
8/15/22,1600,,1.93
8/15/22,1700,,1.795
8/15/22,1800,,1.532
8/15/22,1900,,1.584
8/15/22,2000,,1.719
8/15/22,2100,,1.628
8/15/22,2200,,1.237
8/15/22,2300,,0.895
8/15/22,2400,,0.332
8/16/22,100,,-0.02
8/16/22,200,,-0.484
8/16/22,300,,-0.697
8/16/22,400,,-1.201
8/16/22,500,,-1.495
8/16/22,600,,-1.396
8/16/22,700,,-0.967
8/16/22,800,,-0.115
8/16/22,900,,0.727
8/16/22,1000,,2.408
8/16/22,1100,,3.203
8/16/22,1200,,4.776
8/16/22,1300,,5.589
8/16/22,1400,,6.688
8/16/22,1500,,7.305
8/16/22,1600,,8.45
8/16/22,1700,,8.88
8/16/22,1800,,8.32
8/16/22,1900,,7.412
8/16/22,2000,,5.728
8/16/22,2100,,5.085
8/16/22,2200,,4.355
8/16/22,2300,,3.657
8/16/22,2400,,3.083
8/17/22,100,,1.418
8/17/22,200,,1.958
8/17/22,300,,1.66
8/17/22,400,,0.927
8/17/22,500,,0.61
8/17/22,600,,0.423
8/17/22,700,,0.734
8/17/22,800,,0.828
8/17/22,900,,0.786
8/17/22,1000,,1.046
8/17/22,1100,,1.577
8/17/22,1200,,1.62
8/17/22,1300,,1.862
8/17/22,1400,,2.007
8/17/22,1500,,2.341
8/17/22,1600,,2.319
8/17/22,1700,,2.624
8/17/22,1800,,2.69
8/17/22,1900,,2.614
8/17/22,2000,,2.402
8/17/22,2100,,2.092
8/17/22,2200,,2.023
8/17/22,2300,,2.113
8/17/22,2400,,1.95
8/18/22,100,,1.422
8/18/22,200,,1.269
8/18/22,300,,0.3
8/18/22,400,,-0.61
8/18/22,500,,-1.249
8/18/22,600,,-1.542
8/18/22,700,,-1.339
8/18/22,800,,0.365
8/18/22,900,,1.895
8/18/22,1000,,3.649
8/18/22,1100,,3.619
8/18/22,1200,,3.526
8/18/22,1300,,4.033
8/18/22,1400,,5.328
8/18/22,1500,,6.001
8/18/22,1600,,6.185
8/18/22,1700,,5.895
8/18/22,1800,,5.009
8/18/22,1900,,4.576
8/18/22,2000,,4.219
8/18/22,2100,,4.273
8/18/22,2200,,3.894
8/18/22,2300,,3.732
8/18/22,2400,,3.371
8/19/22,100,,2.805
8/19/22,200,,2.565
8/19/22,300,,2.849
8/19/22,400,,2.8
8/19/22,500,,2.692
8/19/22,600,,2.402
8/19/22,700,,2.29
8/19/22,800,,2.187
8/19/22,900,,2.234
8/19/22,1000,,2.486
8/19/22,1100,,3.088
8/19/22,1200,,3.184
8/19/22,1300,,3.574
8/19/22,1400,,3.997
8/19/22,1500,,4.638
8/19/22,1600,,4.654
8/19/22,1700,,4.567
8/19/22,1800,,4.886
8/19/22,1900,,4.996
8/19/22,2000,,4.809
8/19/22,2100,,4.306
8/19/22,2200,,3.72
8/19/22,2300,,3.356
8/19/22,2400,,1.947
8/20/22,100,,0.201
8/20/22,200,,-0.712
8/20/22,300,,-1.34
8/20/22,400,,-1.128
8/20/22,500,,-0.06
8/20/22,600,,0.79
8/20/22,700,,1.907
8/20/22,800,,3.688
8/20/22,900,,5.766
8/20/22,1000,,5.04
8/20/22,1100,,4.548
8/20/22,1200,,4.444
8/20/22,1300,,4.134
8/20/22,1400,,4.172
8/20/22,1500,,4.177
8/20/22,1600,,4.294
8/20/22,1700,,4.542
8/20/22,1800,,4.359
8/20/22,1900,,3.293
8/20/22,2000,,2.602
8/20/22,2100,,2.339
8/20/22,2200,,1.856
8/20/22,2300,,0.93
8/20/22,2400,,0.387
8/21/22,100,,0.018
8/21/22,200,,-0.487
8/21/22,300,,-0.702
8/21/22,400,,-1.052
8/21/22,500,,-1.445
8/21/22,600,,-1.198
8/21/22,700,,-0.76
8/21/22,800,,-0.21
8/21/22,900,,0.027
8/21/22,1000,,0.017
8/21/22,1100,,1.429
8/21/22,1200,,2.55
8/21/22,1300,,2.038
8/21/22,1400,,2.325
8/21/22,1500,,3.147
8/21/22,1600,,3.695
8/21/22,1700,,3.717
8/21/22,1800,,3.468
8/21/22,1900,,3.155
8/21/22,2000,,2.377
8/21/22,2100,,1.823
8/21/22,2200,,1.415
8/21/22,2300,,1.262
8/21/22,2400,,0.724
8/22/22,100,,0.464
8/22/22,200,,0.265
8/22/22,300,,0.278
8/22/22,400,,0.156
8/22/22,500,,0.52
8/22/22,600,,-0.193
8/22/22,700,,0.147
8/22/22,800,,1.32
8/22/22,900,,4.56
8/22/22,1000,,6.865
8/22/22,1100,,9.6
8/22/22,1200,,10.88
8/22/22,1300,,12.35
8/22/22,1400,,13.27
8/22/22,1500,,14.42
8/22/22,1600,,16.14
8/22/22,1700,,15.75
8/22/22,1800,,15.14
8/22/22,1900,,14.03
8/22/22,2000,,13.07
8/22/22,2100,,11.62
8/22/22,2200,,10.29
8/22/22,2300,,11.45
8/22/22,2400,,10.18
8/23/22,100,,9.94
8/23/22,200,,9.66
8/23/22,300,,9.3
8/23/22,400,,9.02
8/23/22,500,,8.7
8/23/22,600,,8.95
8/23/22,700,,10.04
8/23/22,800,,10.99
8/23/22,900,,11.29
8/23/22,1000,,11.73
8/23/22,1100,,12.01
8/23/22,1200,,13.79
8/23/22,1300,,14.33
8/23/22,1400,,13.47
8/23/22,1500,,12.97
8/23/22,1600,,13.85
8/23/22,1700,,14.68
8/23/22,1800,,14.31
8/23/22,1900,,13.01
8/23/22,2000,,12.66
8/23/22,2100,,11.02
8/23/22,2200,,8.75
8/23/22,2300,,8.02
8/23/22,2400,,8.37
8/24/22,100,,9.38
8/24/22,200,,8.61
8/24/22,300,,6.747
8/24/22,400,,6.73
8/24/22,500,,5.831
8/24/22,600,,6.627
8/24/22,700,,9.72
8/24/22,800,,11.75
8/24/22,900,,13.55
8/24/22,1000,,13.87
8/24/22,1100,,14.44
8/24/22,1200,,14.65
8/24/22,1300,,14.75
8/24/22,1400,,14.99
8/24/22,1500,,15.21
8/24/22,1600,,16.03
8/24/22,1700,,15.1
8/24/22,1800,,14.45
8/24/22,1900,,12.6
8/24/22,2000,,10.43
8/24/22,2100,,7.423
8/24/22,2200,,5.585
8/24/22,2300,,6.331
8/24/22,2400,,7.561
8/25/22,100,,6.039
8/25/22,200,,5.473
8/25/22,300,,5.016
8/25/22,400,,5.398
8/25/22,500,,5.312
8/25/22,600,,4.033
8/25/22,700,,4.174
8/25/22,800,,5.298
8/25/22,900,,7.974
8/25/22,1000,,10.98
8/25/22,1100,,12.21
8/25/22,1200,,12.48
8/25/22,1300,,12.3
8/25/22,1400,,12.32
8/25/22,1500,,12.87
8/25/22,1600,,12.86
8/25/22,1700,,12.32
8/25/22,1800,,12.14
8/25/22,1900,,11.81
8/25/22,2000,,11.58
8/25/22,2100,,10.99
8/25/22,2200,,9.91
8/25/22,2300,,9.84
8/25/22,2400,,10.08
8/26/22,100,,10
8/26/22,200,,9.86
8/26/22,300,,9.85
8/26/22,400,,9.48
8/26/22,500,,8.55
8/26/22,600,,9.06
8/26/22,700,,8.51
8/26/22,800,,8.69
8/26/22,900,,10.73
8/26/22,1000,,11.23
8/26/22,1100,,11.99
8/26/22,1200,,12.77
8/26/22,1300,,13.47
8/26/22,1400,,14.13
8/26/22,1500,,14.1
8/26/22,1600,,12.81
8/26/22,1700,,12.15
8/26/22,1800,,12.85
8/26/22,1900,,11.79
8/26/22,2000,,10.87
8/26/22,2100,,10.04
8/26/22,2200,,8.6
8/26/22,2300,,8.39
8/26/22,2400,,9.12
8/27/22,100,,8.92
8/27/22,200,,8.06
8/27/22,300,,8.41
8/27/22,400,,8.55
8/27/22,500,,8.01
8/27/22,600,,6.802
8/27/22,700,,7.115
8/27/22,800,,8.11
8/27/22,900,,9.19
8/27/22,1000,,9.4
8/27/22,1100,,9.27
8/27/22,1200,,10.1
8/27/22,1300,,10.31
8/27/22,1400,,10.04
8/27/22,1500,,9.15
8/27/22,1600,,7.436
8/27/22,1700,,6.168
8/27/22,1800,,5.483
8/27/22,1900,,4.92
8/27/22,2000,,4.263
8/27/22,2100,,3.879
8/27/22,2200,,3.463
8/27/22,2300,,3.206
8/27/22,2400,,2.853
8/28/22,100,,2.597
8/28/22,200,,2.321
8/28/22,300,,2.114
8/28/22,400,,2.104
8/28/22,500,,2.062
8/28/22,600,,1.805
8/28/22,700,,1.916
8/28/22,800,,1.8
8/28/22,900,,1.945
8/28/22,1000,,2.05
8/28/22,1100,,2.295
8/28/22,1200,,2.593
8/28/22,1300,,3.146
8/28/22,1400,,3.567
8/28/22,1500,,3.877
8/28/22,1600,,4.093
8/28/22,1700,,4.387
8/28/22,1800,,4.243
8/28/22,1900,,3.889
8/28/22,2000,,3.307
8/28/22,2100,,2.915
8/28/22,2200,,2.725
8/28/22,2300,,2.394
8/28/22,2400,,2.056
8/29/22,100,,1.678
8/29/22,200,,1.285
8/29/22,300,,0.928
8/29/22,400,,-0.25
8/29/22,500,,-0.258
8/29/22,600,,0.038
8/29/22,700,,-0.078
8/29/22,800,,0.571
8/29/22,900,,1.107
8/29/22,1000,,1.563
8/29/22,1100,,2.241
8/29/22,1200,,2.797
8/29/22,1300,,4.026
8/29/22,1400,,4.72
8/29/22,1500,,5.054
8/29/22,1600,,5.372
8/29/22,1700,,5.166
8/29/22,1800,,4.897
8/29/22,1900,,4.508
8/29/22,2000,,4.246
8/29/22,2100,,3.854
8/29/22,2200,,4.069
8/29/22,2300,,4.144
8/29/22,2400,,4.074
8/30/22,100,,3.86
8/30/22,200,,3.857
8/30/22,300,,3.556
8/30/22,400,,3.406
8/30/22,500,,3.242
8/30/22,600,,2.932
8/30/22,700,,2.775
8/30/22,800,,3.56
8/30/22,900,,5.156
8/30/22,1000,,6.778
8/30/22,1100,,8.1
8/30/22,1200,,10.02
8/30/22,1300,,11.5
8/30/22,1400,,11.72
8/30/22,1500,,12.4
8/30/22,1600,,12.75
8/30/22,1700,,12.93
8/30/22,1800,,11.8
8/30/22,1900,,10.53
8/30/22,2000,,9.55
8/30/22,2100,,8.11
8/30/22,2200,,6.656
8/30/22,2300,,5.457
8/30/22,2400,,4.852
8/31/22,100,,4.977
8/31/22,200,,6.02
8/31/22,300,,6.992
8/31/22,400,,7.063
8/31/22,500,,7.339
8/31/22,600,,7.799
8/31/22,700,,8.18
8/31/22,800,,8.64
8/31/22,900,,9.7
8/31/22,1000,,10.2
8/31/22,1100,,10.73
8/31/22,1200,,11.65
8/31/22,1300,,12.06
8/31/22,1400,,12.51
8/31/22,1500,,12.32
8/31/22,1600,,12.29
8/31/22,1700,,12.55
8/31/22,1800,,12.5
8/31/22,1900,,11.48
8/31/22,2000,,10.32
8/31/22,2100,,9.93
8/31/22,2200,,8.63
8/31/22,2300,,8.59
8/31/22,2400,,8.37
9/1/22,100,,8.04
9/1/22,200,,7.943
9/1/22,300,,7.717
9/1/22,400,,7.51
9/1/22,500,,7.276
9/1/22,600,,5.982
9/1/22,700,,6.314
9/1/22,800,,8.4
9/1/22,900,,10.06
9/1/22,1000,,11.12
9/1/22,1100,,11.59
9/1/22,1200,,12.52
9/1/22,1300,,12.97
9/1/22,1400,,13
9/1/22,1500,,12.05
9/1/22,1600,,11.18
9/1/22,1700,,10.96
9/1/22,1800,,10.41
9/1/22,1900,,9.33
9/1/22,2000,,8.58
9/1/22,2100,,7.502
9/1/22,2200,,5.754
9/1/22,2300,,4.597
9/1/22,2400,,3.371
9/2/22,100,,2.897
9/2/22,200,,4.454
9/2/22,300,,5.222
9/2/22,400,,5.334
9/2/22,500,,5.129
9/2/22,600,,4.829
9/2/22,700,,5.221
9/2/22,800,,6.112
9/2/22,900,,6.867
9/2/22,1000,,7.124
9/2/22,1100,,7.345
9/2/22,1200,,8.16
9/2/22,1300,,8.55
9/2/22,1400,,8.19
9/2/22,1500,,8.18
9/2/22,1600,,7.805
9/2/22,1700,,7.681
9/2/22,1800,,7.92
9/2/22,1900,,7.689
9/2/22,2000,,6.844
9/2/22,2100,,6.197
9/2/22,2200,,5.729
9/2/22,2300,,5
9/2/22,2400,,5.056
9/3/22,100,,5.396
9/3/22,200,,4.986
9/3/22,300,,4.822
9/3/22,400,,4.827
9/3/22,500,,4.238
9/3/22,600,,4.184
9/3/22,700,,4.276
9/3/22,800,,4.585
9/3/22,900,,4.765
9/3/22,1000,,5.604
9/3/22,1100,,6.351
9/3/22,1200,,6.877
9/3/22,1300,,7.837
9/3/22,1400,,8.72
9/3/22,1500,,9.36
9/3/22,1600,,9.62
9/3/22,1700,,9.51
9/3/22,1800,,8.96
9/3/22,1900,,8.56
9/3/22,2000,,7.551
9/3/22,2100,,5.432
9/3/22,2200,,2.809
9/3/22,2300,,2.11
9/3/22,2400,,0.814
9/4/22,100,,2.149
9/4/22,200,,3.998
9/4/22,300,,4.686
9/4/22,400,,5.218
9/4/22,500,,5.842
9/4/22,600,,5.715
9/4/22,700,,5.76
9/4/22,800,,5.132
9/4/22,900,,4.471
9/4/22,1000,,3.902
9/4/22,1100,,3.694
9/4/22,1200,,3.425
9/4/22,1300,,2.909
9/4/22,1400,,2.939
9/4/22,1500,,2.836
9/4/22,1600,,2.152
9/4/22,1700,,0.834
9/4/22,1800,,0.105
9/4/22,1900,,-0.249
9/4/22,2000,,-0.208
9/4/22,2100,,-0.123
9/4/22,2200,,-0.012
9/4/22,2300,,-0.15
9/4/22,2400,,-0.285
9/5/22,100,,-0.474
9/5/22,200,,-0.717
9/5/22,300,,-1.871
9/5/22,400,,-3.803
9/5/22,500,,-4.68
9/5/22,600,,-5.014
9/5/22,700,,-3.932
9/5/22,800,,-2.231
9/5/22,900,,-0.592
9/5/22,1000,,1.549
9/5/22,1100,,3.154
9/5/22,1200,,4.46
9/5/22,1300,,6.24
9/5/22,1400,,7.701
9/5/22,1500,,8.95
9/5/22,1600,,9.43
9/5/22,1700,,9.45
9/5/22,1800,,9.5
9/5/22,1900,,8.79
9/5/22,2000,,6.709
9/5/22,2100,,2.435
9/5/22,2200,,0.946
9/5/22,2300,,0.609
9/5/22,2400,,0.783
9/6/22,100,,0.052
9/6/22,200,,0.653
9/6/22,300,,0.134
9/6/22,400,,0.835
9/6/22,500,,0.438
9/6/22,600,,-0.511
9/6/22,700,,0.058
9/6/22,800,,2.932
9/6/22,900,,5.515
9/6/22,1000,,8.09
9/6/22,1100,,8.77
9/6/22,1200,,8.79
9/6/22,1300,,9.45
9/6/22,1400,,9.99
9/6/22,1500,,10.16
9/6/22,1600,,10.68
9/6/22,1700,,10.45
9/6/22,1800,,9.99
9/6/22,1900,,8.47
9/6/22,2000,,6.585
9/6/22,2100,,5.8
9/6/22,2200,,5.202
9/6/22,2300,,4.962
9/6/22,2400,,5.188
9/7/22,100,,4.234
9/7/22,200,,2.528
9/7/22,300,,2.073
9/7/22,400,,1.193
9/7/22,500,,0.953
9/7/22,600,,0.649
9/7/22,700,,0.79
9/7/22,800,,2.998
9/7/22,900,,5.361
9/7/22,1000,,7.592
9/7/22,1100,,9.61
9/7/22,1200,,10.66
9/7/22,1300,,10.93
9/7/22,1400,,11.37
9/7/22,1500,,10.77
9/7/22,1600,,10.78
9/7/22,1700,,10.48
9/7/22,1800,,9.95
9/7/22,1900,,9.01
9/7/22,2000,,7.649
9/7/22,2100,,6.741
9/7/22,2200,,5.171
9/7/22,2300,,3.584
9/7/22,2400,,2.679
9/8/22,100,,2.414
9/8/22,200,,1.744
9/8/22,300,,1.539
9/8/22,400,,1.255
9/8/22,500,,0.946
9/8/22,600,,1.393
9/8/22,700,,1.818
9/8/22,800,,3.077
9/8/22,900,,4.934
9/8/22,1000,,8.12
9/8/22,1100,,9.95
9/8/22,1200,,10.78
9/8/22,1300,,11.3
9/8/22,1400,,11.71
9/8/22,1500,,12.15
9/8/22,1600,,12.5
9/8/22,1700,,12.31
9/8/22,1800,,11.72
9/8/22,1900,,9.82
9/8/22,2000,,6.388
9/8/22,2100,,6.033
9/8/22,2200,,5.077
9/8/22,2300,,5.494
9/8/22,2400,,5.831
9/9/22,100,,6.155
9/9/22,200,,6.177
9/9/22,300,,5.512
9/9/22,400,,5.566
9/9/22,500,,5.657
9/9/22,600,,5.721
9/9/22,700,,6.015
9/9/22,800,,5.431
9/9/22,900,,4.884
9/9/22,1000,,4.33
9/9/22,1100,,1.454
9/9/22,1200,,1.116
9/9/22,1300,,1.311
9/9/22,1400,,0.853
9/9/22,1500,,0.442
9/9/22,1600,,-0.014
9/9/22,1700,,-0.308
9/9/22,1800,,-0.544
9/9/22,1900,,-0.477
9/9/22,2000,,-0.448
9/9/22,2100,,-0.502
9/9/22,2200,,-0.605
9/9/22,2300,,-0.516
9/9/22,2400,,-0.589
9/10/22,100,,-0.652
9/10/22,200,,-1.157
9/10/22,300,,-1.286
9/10/22,400,,-1.46
9/10/22,500,,-1.196
9/10/22,600,,-1.443
9/10/22,700,,-1.663
9/10/22,800,,-0.449
9/10/22,900,,0.184
9/10/22,1000,,-0.112
9/10/22,1100,,-0.164
9/10/22,1200,,-0.188
9/10/22,1300,,-0.091
9/10/22,1400,,-0.002
9/10/22,1500,,0.436
9/10/22,1600,,0.682
9/10/22,1700,,1.227
9/10/22,1800,,1.55
9/10/22,1900,,1.546
9/10/22,2000,,1.379
9/10/22,2100,,1.006
9/10/22,2200,,1.233
9/10/22,2300,,1.14
9/10/22,2400,,1.339
9/11/22,100,,1.27
9/11/22,200,,1.078
9/11/22,300,,1.188
9/11/22,400,,1.61
9/11/22,500,,1.158
9/11/22,600,,0.947
9/11/22,700,,1.266
9/11/22,800,,1.818
9/11/22,900,,2.883
9/11/22,1000,,4.21
9/11/22,1100,,5.644
9/11/22,1200,,6.738
9/11/22,1300,,7.654
9/11/22,1400,,8.41
9/11/22,1500,,8.43
9/11/22,1600,,7.489
9/11/22,1700,,6.979
9/11/22,1800,,6.164
9/11/22,1900,,5.069
9/11/22,2000,,3.824
9/11/22,2100,,3.458
9/11/22,2200,,4.291
9/11/22,2300,,4.042
9/11/22,2400,,2.759
9/12/22,100,,4.618
9/12/22,200,,5.364
9/12/22,300,,4.723
9/12/22,400,,4.447
9/12/22,500,,5.334
9/12/22,600,,4.714
9/12/22,700,,5.177
9/12/22,800,,5.663
9/12/22,900,,6.588
9/12/22,1000,,7.314
9/12/22,1100,,8.21
9/12/22,1200,,9.07
9/12/22,1300,,9.45
9/12/22,1400,,9.48
9/12/22,1500,,9.51
9/12/22,1600,,9.01
9/12/22,1700,,8.81
9/12/22,1800,,8.87
9/12/22,1900,,7.875
9/12/22,2000,,6.952
9/12/22,2100,,6.009
9/12/22,2200,,5.512
9/12/22,2300,,5.151
9/12/22,2400,,4.594
9/13/22,100,,4.571
9/13/22,200,,4.711
9/13/22,300,,4.7
9/13/22,400,,4.719
9/13/22,500,,4.431
9/13/22,600,,4.244
9/13/22,700,,3.264
9/13/22,800,,3.503
9/13/22,900,,6.09
9/13/22,1000,,8.36
9/13/22,1100,,7.913
9/13/22,1200,,8.86
9/13/22,1300,,10.14
9/13/22,1400,,10.9
9/13/22,1500,,9.37
9/13/22,1600,,8.65
9/13/22,1700,,8.5
9/13/22,1800,,7.988
9/13/22,1900,,6.899
9/13/22,2000,,5.463
9/13/22,2100,,4.074
9/13/22,2200,,3.096
9/13/22,2300,,2.148
9/13/22,2400,,2.07
9/14/22,100,,1.538
9/14/22,200,,0.564
9/14/22,300,,0.157
9/14/22,400,,0.485
9/14/22,500,,0.818
9/14/22,600,,0.916
9/14/22,700,,1.469
9/14/22,800,,2.042
9/14/22,900,,2.169
9/14/22,1000,,2.26
9/14/22,1100,,2.528
9/14/22,1200,,2.667
9/14/22,1300,,3.143
9/14/22,1400,,3.727
9/14/22,1500,,4.258
9/14/22,1600,,4.673
9/14/22,1700,,4.949
9/14/22,1800,,5.251
9/14/22,1900,,5.227
9/14/22,2000,,4.88
9/14/22,2100,,3.81
9/14/22,2200,,2.773
9/14/22,2300,,1.311
9/14/22,2400,,1.763
9/15/22,100,,2.404
9/15/22,200,,2.612
9/15/22,300,,0.365
9/15/22,400,,0.167
9/15/22,500,,1.364
9/15/22,600,,2.286
9/15/22,700,,3.302
9/15/22,800,,4.474
9/15/22,900,,6.803
9/15/22,1000,,6.973
9/15/22,1100,,6.839
9/15/22,1200,,8.25
9/15/22,1300,,9.58
9/15/22,1400,,10.53
9/15/22,1500,,10.86
9/15/22,1600,,10.49
9/15/22,1700,,9.77
9/15/22,1800,,9.24
9/15/22,1900,,8.62
9/15/22,2000,,6.448
9/15/22,2100,,3.541
9/15/22,2200,,2.038
9/15/22,2300,,1.173
9/15/22,2400,,0.716
9/16/22,100,,0.321
9/16/22,200,,-0.027
9/16/22,300,,-0.067
9/16/22,400,,-0.239
9/16/22,500,,0.251
9/16/22,600,,-0.618
9/16/22,700,,-0.591
9/16/22,800,,0.529
9/16/22,900,,3.317
9/16/22,1000,,5.679
9/16/22,1100,,8.13
9/16/22,1200,,9.01
9/16/22,1300,,10.63
9/16/22,1400,,11.6
9/16/22,1500,,11.21
9/16/22,1600,,11.71
9/16/22,1700,,12.27
9/16/22,1800,,11.1
9/16/22,1900,,7.893
9/16/22,2000,,5.405
9/16/22,2100,,4.098
9/16/22,2200,,6.465
9/16/22,2300,,7.635
9/16/22,2400,,8.36
9/17/22,100,,7.915
9/17/22,200,,7.321
9/17/22,300,,6.788
9/17/22,400,,5.968
9/17/22,500,,5.825
9/17/22,600,,5.295
9/17/22,700,,5.747
9/17/22,800,,6.031
9/17/22,900,,6.932
9/17/22,1000,,7.38
9/17/22,1100,,8.41
9/17/22,1200,,8.68
9/17/22,1300,,9.02
9/17/22,1400,,9.01
9/17/22,1500,,8.84
9/17/22,1600,,8.54
9/17/22,1700,,8.14
9/17/22,1800,,7.391
9/17/22,1900,,6.54
9/17/22,2000,,6.398
9/17/22,2100,,5.292
9/17/22,2200,,3.465
9/17/22,2300,,3.553
9/17/22,2400,,4.651
9/18/22,100,,5.06
9/18/22,200,,4.109
9/18/22,300,,4.339
9/18/22,400,,4.507
9/18/22,500,,2.993
9/18/22,600,,2.798
9/18/22,700,,3.806
9/18/22,800,,5.131
9/18/22,900,,5.789
9/18/22,1000,,6.46
9/18/22,1100,,7.072
9/18/22,1200,,8.15
9/18/22,1300,,8.68
9/18/22,1400,,8.15
9/18/22,1500,,7.962
9/18/22,1600,,7.617
9/18/22,1700,,7.275
9/18/22,1800,,6.545
9/18/22,1900,,5.909
9/18/22,2000,,4.827
9/18/22,2100,,4.391
9/18/22,2200,,4.687
9/18/22,2300,,4.36
9/18/22,2400,,4.273
9/19/22,100,,4.051
9/19/22,200,,4.185
9/19/22,300,,3.764
9/19/22,400,,2.306
9/19/22,500,,2.277
9/19/22,600,,1.791
9/19/22,700,,1.887
9/19/22,800,,2.876
9/19/22,900,,4.239
9/19/22,1000,,5.37
9/19/22,1100,,5.992
9/19/22,1200,,6.261
9/19/22,1300,,6.685
9/19/22,1400,,6.523
9/19/22,1500,,6.525
9/19/22,1600,,6.332
9/19/22,1700,,6.015
9/19/22,1800,,5.096
9/19/22,1900,,3.472
9/19/22,2000,,0.507
9/19/22,2100,,1.321
9/19/22,2200,,2.532
9/19/22,2300,,2.498
9/19/22,2400,,1.467
9/20/22,100,,0.772
9/20/22,200,,0.493
9/20/22,300,,0.528
9/20/22,400,,0.343
9/20/22,500,,0.279
9/20/22,600,,0.044
9/20/22,700,,0.137
9/20/22,800,,0.323
9/20/22,900,,0.651
9/20/22,1000,,1.337
9/20/22,1100,,1.058
9/20/22,1200,,2.53
9/20/22,1300,,3.543
9/20/22,1400,,4.289
9/20/22,1500,,4.626
9/20/22,1600,,4.2
9/20/22,1700,,3.498
9/20/22,1800,,2.698
9/20/22,1900,,2.377
9/20/22,2000,,1.136
9/20/22,2100,,0.615
9/20/22,2200,,-0.39
9/20/22,2300,,-1.558
9/20/22,2400,,-0.62
9/21/22,100,,0.419
9/21/22,200,,-1.815
9/21/22,300,,-1.969
9/21/22,400,,-2.023
9/21/22,500,,-1.303
9/21/22,600,,-1.704
9/21/22,700,,-1.793
9/21/22,800,,-1.406
9/21/22,900,,-1.064
9/21/22,1000,,0.562
9/21/22,1100,,1.294
9/21/22,1200,,1.713
9/21/22,1300,,2.345
9/21/22,1400,,2.944
9/21/22,1500,,2.945
9/21/22,1600,,3.127
9/21/22,1700,,3.372
9/21/22,1800,,2.779
9/21/22,1900,,1.753
9/21/22,2000,,0.956
9/21/22,2100,,0.196
9/21/22,2200,,0.102
9/21/22,2300,,0.327
9/21/22,2400,,-2.654
9/22/22,100,,-4.678
9/22/22,200,,-5.127
9/22/22,300,,-5.125
9/22/22,400,,-4.955
9/22/22,500,,-3.56
9/22/22,600,,-4.008
9/22/22,700,,-3.831
9/22/22,800,,-3.616
9/22/22,900,,-2.461
9/22/22,1000,,-0.8
9/22/22,1100,,0.718
9/22/22,1200,,1.748
9/22/22,1300,,2.215
9/22/22,1400,,1.892
9/22/22,1500,,1.945
9/22/22,1600,,1.028
9/22/22,1700,,0.072
9/22/22,1800,,-1.136
9/22/22,1900,,-3.081
9/22/22,2000,,-3.336
9/22/22,2100,,-3.336
9/22/22,2200,,-3.228
9/22/22,2300,,-3.026
9/22/22,2400,,-2.878
9/23/22,100,,-2.837
9/23/22,200,,-3.258
9/23/22,300,,-3.232
9/23/22,400,,-3.197
9/23/22,500,,-3.518
9/23/22,600,,-3.955
9/23/22,700,,-4.235
9/23/22,800,,-4.54
9/23/22,900,,-4.598
9/23/22,1000,,-4.532
9/23/22,1100,,-4.407
9/23/22,1200,,-4.098
9/23/22,1300,,-3.793
9/23/22,1400,,-3.455
9/23/22,1500,,-3.097
9/23/22,1600,,-2.703
9/23/22,1700,,-2.455
9/23/22,1800,,-2.371
9/23/22,1900,,-2.613
9/23/22,2000,,-3.098
9/23/22,2100,,-3.482
9/23/22,2200,,-3.628
9/23/22,2300,,-3.717
9/23/22,2400,,-3.723
9/24/22,100,,-3.924
9/24/22,200,,-4.335
9/24/22,300,,-4.449
9/24/22,400,,-4.366
9/24/22,500,,-4.131
9/24/22,600,,-4.663
9/24/22,700,,-6.361
9/24/22,800,,-6.596
9/24/22,900,,-4.833
9/24/22,1000,,-3.633
9/24/22,1100,,-2.858
9/24/22,1200,,-1.903
9/24/22,1300,,-0.286
9/24/22,1400,,0.451
9/24/22,1500,,0.311
9/24/22,1600,,0.243
9/24/22,1700,,-0.18
9/24/22,1800,,-0.831
9/24/22,1900,,-1.2
9/24/22,2000,,-1.541
9/24/22,2100,,-1.9
9/24/22,2200,,-2.516
9/24/22,2300,,-2.614
9/24/22,2400,,-2.249
9/25/22,100,,-2.733
9/25/22,200,,-2.969
9/25/22,300,,-3.547
9/25/22,400,,-4.445
9/25/22,500,,-4.807
9/25/22,600,,-4.992
9/25/22,700,,-4.822
9/25/22,800,,-3.573
9/25/22,900,,-3.715
9/25/22,1000,,-3.296
9/25/22,1100,,-2.838
9/25/22,1200,,-2.34
9/25/22,1300,,-1.594
9/25/22,1400,,-0.675
9/25/22,1500,,-0.671
9/25/22,1600,,-1.032
9/25/22,1700,,-1.719
9/25/22,1800,,-2.215
9/25/22,1900,,-2.506
9/25/22,2000,,-3.251
9/25/22,2100,,-5.028
9/25/22,2200,,-5.43
9/25/22,2300,,-4.104
9/25/22,2400,,-4.309
9/26/22,100,,-5.099
9/26/22,200,,-6.795
9/26/22,300,,-8.18
9/26/22,400,,-9.89
9/26/22,500,,-10.33
9/26/22,600,,-10.12
9/26/22,700,,-10.88
9/26/22,800,,-10.51
9/26/22,900,,-9.36
9/26/22,1000,,-7.37
9/26/22,1100,,-7.174
9/26/22,1200,,-6.997
9/26/22,1300,,-6.506
9/26/22,1400,,-6.167
9/26/22,1500,,-5.701
9/26/22,1600,,-5.467
9/26/22,1700,,-5.649
9/26/22,1800,,-5.997
9/26/22,1900,,-6.155
9/26/22,2000,,-6.57
9/26/22,2100,,-6.998
9/26/22,2200,,-7.028
9/26/22,2300,,-7.023
9/26/22,2400,,-7.065
9/27/22,100,,-7.232
9/27/22,200,,-7.864
9/27/22,300,,-9.29
9/27/22,400,,-10.12
9/27/22,500,,-10.87
9/27/22,600,,-11.52
9/27/22,700,,-11.8
9/27/22,800,,-11.76
9/27/22,900,,-10.09
9/27/22,1000,,-7.884
9/27/22,1100,,-6.691
9/27/22,1200,,-5.695
9/27/22,1300,,-4.747
9/27/22,1400,,-4.199
9/27/22,1500,,-3.536
9/27/22,1600,,-2.867
9/27/22,1700,,-2.519
9/27/22,1800,,-2.594
9/27/22,1900,,-4.313
9/27/22,2000,,-7.686
9/27/22,2100,,-8.18
9/27/22,2200,,-7.232
9/27/22,2300,,-6.98
9/27/22,2400,,-5.19
9/28/22,100,,-4.79
9/28/22,200,,-5.387
9/28/22,300,,-5.096
9/28/22,400,,-4.472
9/28/22,500,,-3.967
9/28/22,600,,-3.802
9/28/22,700,,-4.251
9/28/22,800,,-4.996
9/28/22,900,,-3.187
9/28/22,1000,,-0.563
9/28/22,1100,,1.916
9/28/22,1200,,3.322
9/28/22,1300,,4.661
9/28/22,1400,,4.286
9/28/22,1500,,4.293
9/28/22,1600,,5.188
9/28/22,1700,,4.067
9/28/22,1800,,2.342
9/28/22,1900,,1.39
9/28/22,2000,,1.857
9/28/22,2100,,2.322
9/28/22,2200,,3.503
9/28/22,2300,,3.473
9/28/22,2400,,3.074
9/29/22,100,,2.494
9/29/22,200,,2.374
9/29/22,300,,1.018
9/29/22,400,,0.547
9/29/22,500,,-0.069
9/29/22,600,,-1.87
9/29/22,700,,-2.366
9/29/22,800,,-3.075
9/29/22,900,,-0.741
9/29/22,1000,,2.383
9/29/22,1100,,2.722
9/29/22,1200,,2.892
9/29/22,1300,,3.296
9/29/22,1400,,3.299
9/29/22,1500,,2.199
9/29/22,1600,,-0.909
9/29/22,1700,,-1.036
9/29/22,1800,,-1.718
9/29/22,1900,,-2.557
9/29/22,2000,,-3.125
9/29/22,2100,,-4.061
9/29/22,2200,,-4.384
9/29/22,2300,,-4.6
9/29/22,2400,,-4.709
9/30/22,100,,-4.43
9/30/22,200,,-4.277
9/30/22,300,,-4.405
9/30/22,400,,-4.434
9/30/22,500,,-4.541
9/30/22,600,,-4.518
9/30/22,700,,-4.638
9/30/22,800,,-5.09
9/30/22,900,,-5.119
9/30/22,1000,,-5.541
9/30/22,1100,,-5.585
9/30/22,1200,,-5.536
9/30/22,1300,,-5.752
9/30/22,1400,,-5.428
9/30/22,1500,,-5.342
9/30/22,1600,,-5.149
9/30/22,1700,,-5.38
9/30/22,1800,,-5.592
9/30/22,1900,,-5.777
9/30/22,2000,,-6.047
9/30/22,2100,,-5.842
9/30/22,2200,,-5.995
9/30/22,2300,,-6.358
9/30/22,2400,,-6.544
10/1/22,100,,-6.543
10/1/22,200,,-6.379
10/1/22,300,,-6.244
10/1/22,400,,-6.251
10/1/22,500,,-6.286
10/1/22,600,,-6.426
10/1/22,700,,-6.763
10/1/22,800,,-7.023
10/1/22,900,,-6.987
10/1/22,1000,,-6.906
10/1/22,1100,,-6.775
10/1/22,1200,,-6.442
10/1/22,1300,,-6.286
10/1/22,1400,,-6.255
10/1/22,1500,,-6.182
10/1/22,1600,,-6.111
10/1/22,1700,,-6.382
10/1/22,1800,,-6.77
10/1/22,1900,,-7.191
10/1/22,2000,,-7.514
10/1/22,2100,,-7.767
10/1/22,2200,,-7.979
10/1/22,2300,,-8.31
10/1/22,2400,,-8.99