julian_day,depth,year
1,16,2012
2,15,2012
3,15,2012
4,15,2012
5,16,2012
6,15,2012
7,18,2012
8,19,2012
9,17,2012
10,17,2012
11,13,2012
12,12,2012
13,13,2012
14,14,2012
15,22,2012
16,22,2012
17,21,2012
18,22,2012
19,23,2012
20,23,2012
21,25,2012
22,27,2012
23,27,2012
24,27,2012
25,26,2012
26,26,2012
27,26,2012
28,26,2012
29,27,2012
30,27,2012
31,27,2012
32,27,2012
33,26,2012
34,28,2012
35,28,2012
36,25,2012
37,25,2012
38,25,2012
39,24,2012
40,24,2012
41,24,2012
42,25,2012
43,24,2012
44,25,2012
45,25,2012
46,25,2012
47,25,2012
48,25,2012
49,25,2012
50,25,2012
51,25,2012
52,25,2012
53,26,2012
54,25,2012
55,25,2012
56,25,2012
57,25,2012
58,25,2012
59,26,2012
60,26,2012
61,25,2012
62,26,2012
63,25,2012
64,25,2012
65,25,2012
66,26,2012
67,26,2012
68,26,2012
69,26,2012
70,26,2012
71,26,2012
72,26,2012
73,28,2012
74,28,2012
75,27,2012
76,27,2012
77,26,2012
78,26,2012
79,27,2012
80,27,2012
81,27,2012
82,27,2012
83,27,2012
84,27,2012
85,27,2012
86,27,2012
87,27,2012
88,27,2012
89,27,2012
90,27,2012
91,27,2012
92,27,2012
93,27,2012
94,27,2012
95,27,2012
96,27,2012
97,27,2012
98,26,2012
99,27,2012
100,26,2012
101,26,2012
102,26,2012
103,27,2012
104,27,2012
105,27,2012
106,26,2012
107,26,2012
108,26,2012
109,26,2012
110,26,2012
111,26,2012
112,26,2012
113,26,2012
114,26,2012
115,26,2012
116,26,2012
117,26,2012
118,27,2012
119,27,2012
120,26,2012
121,27,2012
122,28,2012
123,29,2012
124,28,2012
125,28,2012
126,28,2012
127,28,2012
128,28,2012
129,28,2012
130,28,2012
131,26,2012
132,26,2012
133,26,2012
134,25,2012
135,25,2012
136,25,2012
137,24,2012
138,24,2012
139,23,2012
140,22,2012
141,21,2012
142,19,2012
143,18,2012
144,16,2012
145,15,2012
146,13,2012
147,13,2012
148,13,2012
149,13,2012
150,11,2012
151,8,2012
152,5,2012
153,1,2012
154,0,2012
155,0,2012
156,0,2012
157,0,2012
158,0,2012
159,0,2012
160,0,2012
161,0,2012
162,0,2012
163,0,2012
164,0,2012
165,0,2012
166,0,2012
167,0,2012
168,0,2012
169,0,2012
170,0,2012
171,0,2012
172,0,2012
173,0,2012
174,0,2012
175,0,2012
176,0,2012
177,0,2012
178,0,2012
179,0,2012
180,0,2012
181,0,2012
182,0,2012
183,0,2012
184,0,2012
185,0,2012
186,0,2012
187,0,2012
188,0,2012
189,0,2012
190,0,2012
191,0,2012
192,0,2012
193,0,2012
194,0,2012
195,0,2012
196,0,2012
197,0,2012
198,0,2012
199,0,2012
200,0,2012
201,0,2012
202,0,2012
203,0,2012
204,0,2012
205,0,2012
206,0,2012
207,0,2012
208,0,2012
209,0,2012
210,0,2012
211,0,2012
212,0,2012
213,0,2012
214,0,2012
215,0,2012
216,0,2012
217,0,2012
218,0,2012
219,0,2012
220,0,2012
221,0,2012
222,0,2012
223,0,2012
224,0,2012
225,0,2012
226,0,2012
227,0,2012
228,0,2012
229,0,2012
230,0,2012
231,0,2012
232,0,2012
233,0,2012
234,0,2012
235,0,2012
236,0,2012
237,0,2012
238,0,2012
239,0,2012
240,0,2012
241,0,2012
242,0,2012
243,0,2012
244,0,2012
245,0,2012
246,0,2012
247,0,2012
248,0,2012
249,0,2012
250,0,2012
251,0,2012
252,0,2012
253,0,2012
254,0,2012
255,0,2012
256,0,2012
257,0,2012
258,0,2012
259,0,2012
260,0,2012
261,0,2012
262,0,2012
263,0,2012
264,0,2012
265,0,2012
266,0,2012
267,0,2012
268,0,2012
269,0,2012
270,0,2012
271,0,2012
272,-99.9,2012
273,-99.9,2012
274,-99.9,2012
274,-99.9,2012
275,-99.9,2012
276,-99.9,2012
277,-99.9,2012
278,-99.9,2012
279,-99.9,2012
280,-99.9,2012
281,-99.9,2012
282,-99.9,2012
283,-99.9,2012
284,1,2012
285,1,2012
286,3,2012
287,4,2012
288,4,2012
289,4,2012
290,7,2012
291,6,2012
292,11,2012
293,11,2012
294,11,2012
295,9,2012
296,9,2012
297,9,2012
298,9,2012
299,9,2012
300,10,2012
301,9,2012
302,9,2012
303,16,2012
304,16,2012
305,16,2012
306,16,2012
307,16,2012
308,21,2012
309,19,2012
310,19,2012
311,19,2012
312,20,2012
313,20,2012
314,20,2012
315,19,2012
316,18,2012
317,18,2012
318,16,2012
319,21,2012
320,21,2012
321,22,2012
322,22,2012
323,22,2012
324,22,2012
325,22,2012
326,22,2012
327,22,2012
328,22,2012
329,22,2012
330,22,2012
331,22,2012
332,23,2012
333,23,2012
334,24,2012
335,24,2012
336,23,2012
337,23,2012
338,23,2012
339,23,2012
340,23,2012
341,23,2012
342,23,2012
343,23,2012
344,23,2012
345,23,2012
346,23,2012
347,23,2012
348,22,2012
349,22,2012
350,23,2012
351,23,2012
352,23,2012
353,23,2012
354,23,2012
355,23,2012
356,23,2012
357,23,2012
358,23,2012
359,23,2012
360,23,2012
361,23,2012
362,23,2012
363,23,2012
364,23,2012
365,23,2012
366,23,2012
1,25,2013
2,23,2013
3,23,2013
4,23,2013
5,23,2013
6,23,2013
7,23,2013
8,23,2013
9,23,2013
10,23,2013
11,23,2013
12,23,2013
13,23,2013
14,23,2013
15,23,2013
16,25,2013
17,25,2013
18,25,2013
19,25,2013
20,23,2013
21,23,2013
22,23,2013
23,23,2013
24,23,2013
25,23,2013
26,23,2013
27,23,2013
28,23,2013
29,23,2013
30,23,2013
31,23,2013
32,24,2013
33,25,2013
34,24,2013
35,24,2013
36,25,2013
37,21,2013
38,23,2013
39,24,2013
40,24,2013
41,24,2013
42,24,2013
43,24,2013
44,24,2013
45,24,2013
46,24,2013
47,24,2013
48,25,2013
49,25,2013
50,25,2013
51,25,2013
52,25,2013
53,25,2013
54,25,2013
55,26,2013
56,26,2013
57,26,2013
58,25,2013
59,25,2013
60,25,2013
61,25,2013
62,25,2013
63,25,2013
64,25,2013
65,25,2013
66,25,2013
67,25,2013
68,24,2013
69,24,2013
70,29,2013
71,28,2013
72,28,2013
73,27,2013
74,26,2013
75,25,2013
76,26,2013
77,26,2013
78,26,2013
79,26,2013
80,26,2013
81,26,2013
82,26,2013
83,26,2013
84,26,2013
85,26,2013
86,27,2013
87,27,2013
88,27,2013
89,27,2013
90,27,2013
91,27,2013
92,27,2013
93,27,2013
94,27,2013
95,27,2013
96,27,2013
97,27,2013
98,27,2013
99,27,2013
100,28,2013
101,29,2013
102,29,2013
103,29,2013
104,29,2013
105,29,2013
106,29,2013
107,29,2013
108,29,2013
109,29,2013
110,29,2013
111,29,2013
112,29,2013
113,29,2013
114,34,2013
115,34,2013
116,37,2013
117,37,2013
118,37,2013
119,38,2013
120,45,2013
121,45,2013
122,45,2013
123,45,2013
124,45,2013
125,44,2013
126,44,2013
127,44,2013
128,44,2013
129,43,2013
130,43,2013
131,43,2013
132,43,2013
133,42,2013
134,42,2013
135,42,2013
136,42,2013
137,41,2013
138,43,2013
139,44,2013
140,41,2013
141,41,2013
142,41,2013
143,40,2013
144,39,2013
145,38,2013
146,36,2013
147,34,2013
148,33,2013
149,30,2013
150,29,2013
151,28,2013
152,28,2013
153,26,2013
154,20,2013
155,18,2013
156,19,2013
157,19,2013
158,18,2013
159,15,2013
160,11,2013
161,9,2013
162,9,2013
163,5,2013
164,2,2013
165,0,2013
166,0,2013
167,0,2013
168,0,2013
169,0,2013
170,0,2013
171,0,2013
172,0,2013
173,0,2013
174,0,2013
175,0,2013
176,0,2013
177,0,2013
178,0,2013
179,0,2013
180,0,2013
181,0,2013
182,0,2013
183,0,2013
184,0,2013
185,0,2013
186,0,2013
187,0,2013
188,0,2013
189,0,2013
190,0,2013
191,0,2013
192,0,2013
193,0,2013
194,0,2013
195,0,2013
196,0,2013
197,0,2013
198,0,2013
199,0,2013
200,0,2013
201,0,2013
202,0,2013
203,0,2013
204,0,2013
205,0,2013
206,0,2013
207,0,2013
208,0,2013
209,0,2013
210,0,2013
211,0,2013
212,0,2013
213,0,2013
214,0,2013
215,0,2013
216,0,2013
217,0,2013
218,0,2013
219,0,2013
220,0,2013
221,0,2013
222,0,2013
223,0,2013
224,0,2013
225,0,2013
226,0,2013
227,0,2013
228,0,2013
229,0,2013
230,0,2013
231,0,2013
232,0,2013
233,0,2013
234,0,2013
235,0,2013
236,0,2013
237,0,2013
238,0,2013
239,0,2013
240,0,2013
241,0,2013
242,-1,2013
243,1,2013
244,1,2013
245,1,2013
246,0,2013
247,-1,2013
248,1,2013
249,0,2013
250,0,2013
251,0,2013
252,0,2013
253,0,2013
254,0,2013
255,0,2013
256,0,2013
257,1,2013
258,8,2013
259,7,2013
260,6,2013
261,6,2013
262,6,2013
263,6,2013
264,9,2013
265,9,2013
266,6,2013
267,5,2013
268,7,2013
269,9,2013
270,8,2013
271,8,2013
272,9,2013
273,10,2013
273,-99.9,2013
274,11,2013
275,10,2013
276,10,2013
277,10,2013
278,10,2013
279,10,2013
280,10,2013
281,10,2013
282,7,2013
283,16,2013
284,16,2013
285,15,2013
286,15,2013
287,15,2013
288,14,2013
289,13,2013
290,13,2013
291,11,2013
292,11,2013
293,11,2013
294,11,2013
295,11,2013
296,11,2013
297,11,2013
298,11,2013
299,11,2013
300,11,2013
301,11,2013
302,13,2013
303,16,2013
304,15,2013
305,15,2013
306,15,2013
307,15,2013
308,15,2013
309,12,2013
310,16,2013
311,16,2013
312,13,2013
313,11,2013
314,11,2013
315,11,2013
316,11,2013
317,11,2013
318,11,2013
319,12,2013
320,12,2013
321,19,2013
322,15,2013
323,14,2013
324,14,2013
325,14,2013
326,14,2013
327,15,2013
328,15,2013
329,14,2013
330,14,2013
331,14,2013
332,15,2013
333,17,2013
334,18,2013
335,18,2013
336,18,2013
337,18,2013
338,18,2013
339,18,2013
340,18,2013
341,18,2013
342,18,2013
343,19,2013
344,22,2013
345,22,2013
346,21,2013
347,21,2013
348,21,2013
349,21,2013
350,21,2013
351,19,2013
352,19,2013
353,20,2013
354,19,2013
355,19,2013
356,19,2013
357,22,2013
358,21,2013
359,20,2013
360,20,2013
361,20,2013
362,20,2013
363,19,2013
364,19,2013
365,19,2013
1,19,2014
2,19,2014
3,19,2014
4,19,2014
5,19,2014
6,19,2014
7,19,2014
8,19,2014
9,18,2014
10,18,2014
11,17,2014
12,17,2014
13,17,2014
14,17,2014
15,17,2014
16,17,2014
17,18,2014
18,19,2014
19,20,2014
20,20,2014
21,20,2014
22,19,2014
23,19,2014
24,19,2014
25,19,2014
26,19,2014
27,19,2014
28,19,2014
29,19,2014
30,19,2014
31,19,2014
32,19,2014
33,19,2014
34,19,2014
35,19,2014
36,19,2014
37,19,2014
38,24,2014
39,26,2014
40,26,2014
41,26,2014
42,25,2014
43,25,2014
44,25,2014
45,25,2014
46,25,2014
47,25,2014
48,26,2014
49,26,2014
50,26,2014
51,26,2014
52,26,2014
53,26,2014
54,25,2014
55,25,2014
56,25,2014
57,25,2014
58,25,2014
59,25,2014
60,25,2014
61,25,2014
62,25,2014
63,26,2014
64,26,2014
65,26,2014
66,26,2014
67,26,2014
68,26,2014
69,26,2014
70,26,2014
71,26,2014
72,25,2014
73,25,2014
74,25,2014
75,25,2014
76,25,2014
77,24,2014
78,25,2014
79,27,2014
80,27,2014
81,26,2014
82,26,2014
83,26,2014
84,26,2014
85,25,2014
86,24,2014
87,25,2014
88,25,2014
89,24,2014
90,25,2014
91,25,2014
92,25,2014
93,24,2014
94,25,2014
95,25,2014
96,25,2014
97,25,2014
98,25,2014
99,25,2014
100,25,2014
101,25,2014
102,25,2014
103,25,2014
104,25,2014
105,26,2014
106,26,2014
107,26,2014
108,26,2014
109,26,2014
110,26,2014
111,27,2014
112,26,2014
113,26,2014
114,22,2014
115,26,2014
116,26,2014
117,26,2014
118,26,2014
119,26,2014
120,28,2014
121,28,2014
122,26,2014
123,26,2014
124,24,2014
125,23,2014
126,23,2014
127,23,2014
128,23,2014
129,23,2014
130,23,2014
131,22,2014
132,22,2014
133,21,2014
134,30,2014
135,29,2014
136,27,2014
137,26,2014
138,26,2014
139,31,2014
140,30,2014
141,30,2014
142,30,2014
143,30,2014
144,30,2014
145,30,2014
146,31,2014
147,30,2014
148,28,2014
149,26,2014
150,24,2014
151,22,2014
152,22,2014
153,20,2014
154,20,2014
155,18,2014
156,16,2014
157,13,2014
158,17,2014
159,13,2014
160,9,2014
161,7,2014
162,4,2014
163,1,2014
164,0,2014
165,0,2014
166,0,2014
167,0,2014
168,0,2014
169,0,2014
170,0,2014
171,0,2014
172,0,2014
173,0,2014
174,0,2014
175,0,2014
176,0,2014
177,0,2014
178,0,2014
179,0,2014
180,0,2014
181,0,2014
182,0,2014
183,0,2014
184,0,2014
185,0,2014
186,0,2014
187,0,2014
188,0,2014
189,0,2014
190,0,2014
191,0,2014
192,0,2014
193,0,2014
194,0,2014
195,0,2014
196,0,2014
197,0,2014
198,0,2014
199,0,2014
200,0,2014
201,0,2014
202,0,2014
203,0,2014
204,0,2014
205,0,2014
206,0,2014
207,0,2014
208,0,2014
209,0,2014
210,0,2014
211,0,2014
212,0,2014
213,0,2014
214,0,2014
215,0,2014
216,0,2014
217,0,2014
218,0,2014
219,0,2014
220,0,2014
221,0,2014
222,0,2014
223,0,2014
224,0,2014
225,0,2014
226,0,2014
227,0,2014
228,0,2014
229,0,2014
230,0,2014
231,0,2014
232,0,2014
233,0,2014
234,0,2014
235,0,2014
236,0,2014
237,0,2014
238,0,2014
239,0,2014
240,0,2014
241,0,2014
242,0,2014
243,0,2014
244,0,2014
245,0,2014
246,2,2014
247,5,2014
248,8,2014
249,8,2014
250,8,2014
251,7,2014
252,7,2014
253,6,2014
254,6,2014
255,5,2014
256,4,2014
257,2,2014
258,0,2014
259,0,2014
260,0,2014
261,0,2014
262,0,2014
263,0,2014
264,0,2014
265,5,2014
266,4,2014
267,5,2014
268,9,2014
269,9,2014
270,9,2014
271,8,2014
272,7,2014
273,12,2014
273,-99.9,2014
274,16,2014
275,20,2014
276,20,2014
277,20,2014
278,20,2014
279,20,2014
280,20,2014
281,21,2014
282,22,2014
283,22,2014
284,23,2014
285,25,2014
286,25,2014
287,25,2014
288,23,2014
289,23,2014
290,22,2014
291,21,2014
292,21,2014
293,21,2014
294,21,2014
295,22,2014
296,22,2014
297,21,2014
298,22,2014
299,20,2014
300,21,2014
301,20,2014
302,20,2014
303,19,2014
304,19,2014
305,20,2014
306,20,2014
307,20,2014
308,21,2014
309,20,2014
310,20,2014
311,21,2014
312,20,2014
313,20,2014
314,21,2014
315,21,2014
316,21,2014
317,20,2014
318,21,2014
319,20,2014
320,20,2014
321,20,2014
322,20,2014
323,20,2014
324,20,2014
325,20,2014
326,21,2014
327,21,2014
328,21,2014
329,20,2014
330,20,2014
331,20,2014
332,20,2014
333,20,2014
334,22,2014
335,26,2014
336,26,2014
337,25,2014
338,25,2014
339,25,2014
340,24,2014
341,24,2014
342,24,2014
343,24,2014
344,24,2014
345,24,2014
346,24,2014
347,24,2014
348,24,2014
349,24,2014
350,23,2014
351,24,2014
352,25,2014
353,25,2014
354,24,2014
355,24,2014
356,24,2014
357,24,2014
358,24,2014
359,25,2014
360,25,2014
361,24,2014
362,24,2014
363,22,2014
364,22,2014
365,23,2014
1,27,2015
2,26,2015
3,26,2015
4,26,2015
5,26,2015
6,25,2015
7,25,2015
8,25,2015
9,22,2015
10,21,2015
11,24,2015
12,24,2015
13,23,2015
14,23,2015
15,24,2015
16,25,2015
17,25,2015
18,24,2015
19,24,2015
20,25,2015
21,25,2015
22,25,2015
23,26,2015
24,26,2015
25,26,2015
26,25,2015
27,36,2015
28,36,2015
29,35,2015
30,35,2015
31,35,2015
32,35,2015
33,36,2015
34,38,2015
35,34,2015
36,34,2015
37,34,2015
38,36,2015
39,36,2015
40,36,2015
41,36,2015
42,36,2015
43,36,2015
44,36,2015
45,36,2015
46,35,2015
47,36,2015
48,34,2015
49,34,2015
50,34,2015
51,34,2015
52,34,2015
53,34,2015
54,34,2015
55,35,2015
56,34,2015
57,34,2015
58,34,2015
59,34,2015
60,33,2015
61,33,2015
62,33,2015
63,34,2015
64,33,2015
65,35,2015
66,33,2015
67,34,2015
68,36,2015
69,36,2015
70,35,2015
71,35,2015
72,35,2015
73,35,2015
74,35,2015
75,35,2015
76,33,2015
77,33,2015
78,33,2015
79,33,2015
80,33,2015
81,33,2015
82,33,2015
83,33,2015
84,33,2015
85,32,2015
86,33,2015
87,31,2015
88,29,2015
89,34,2015
90,33,2015
91,34,2015
92,33,2015
93,33,2015
94,34,2015
95,33,2015
96,34,2015
97,35,2015
98,33,2015
99,33,2015
100,33,2015
101,33,2015
102,33,2015
103,33,2015
104,32,2015
105,32,2015
106,32,2015
107,33,2015
108,32,2015
109,33,2015
110,32,2015
111,32,2015
112,38,2015
113,34,2015
114,32,2015
115,32,2015
116,32,2015
117,32,2015
118,32,2015
119,32,2015
120,32,2015
121,32,2015
122,32,2015
123,32,2015
124,32,2015
125,32,2015
126,32,2015
127,32,2015
128,31,2015
129,30,2015
130,29,2015
131,26,2015
132,25,2015
133,24,2015
134,21,2015
135,20,2015
136,17,2015
137,14,2015
138,13,2015
139,9,2015
140,6,2015
141,1,2015
142,0,2015
143,0,2015
144,0,2015
145,0,2015
146,0,2015
147,0,2015
148,0,2015
149,0,2015
150,0,2015
151,0,2015
152,0,2015
153,0,2015
154,0,2015
155,0,2015
156,0,2015
157,0,2015
158,0,2015
159,0,2015
160,0,2015
161,0,2015
162,0,2015
163,0,2015
164,0,2015
165,0,2015
166,0,2015
167,0,2015
168,0,2015
169,0,2015
170,0,2015
171,0,2015
172,0,2015
173,0,2015
174,0,2015
175,0,2015
176,0,2015
177,0,2015
178,0,2015
179,0,2015
180,0,2015
181,0,2015
182,0,2015
183,0,2015
184,0,2015
185,0,2015
186,0,2015
187,0,2015
188,0,2015
189,0,2015
190,0,2015
191,0,2015
192,0,2015
193,0,2015
194,0,2015
195,0,2015
196,0,2015
197,0,2015
198,0,2015
199,0,2015
200,0,2015
201,0,2015
202,0,2015
203,0,2015
204,0,2015
205,0,2015
206,0,2015
207,0,2015
208,0,2015
209,0,2015
210,0,2015
211,0,2015
212,0,2015
213,0,2015
214,0,2015
215,0,2015
216,0,2015
217,0,2015
218,0,2015
219,0,2015
220,0,2015
221,0,2015
222,0,2015
223,0,2015
224,0,2015
225,0,2015
226,0,2015
227,0,2015
228,1,2015
229,0,2015
230,0,2015
231,0,2015
232,1,2015
233,0,2015
234,0,2015
235,0,2015
236,0,2015
237,0,2015
238,0,2015
239,0,2015
240,2,2015
241,2,2015
242,4,2015
243,3,2015
244,5,2015
245,4,2015
246,-99.9,2015
247,2,2015
248,1,2015
249,1,2015
250,0,2015
251,0,2015
252,0,2015
253,4,2015
254,4,2015
255,4,2015
256,3,2015
257,3,2015
258,5,2015
259,5,2015
260,5,2015
261,5,2015
262,6,2015
263,6,2015
264,6,2015
265,6,2015
266,6,2015
267,6,2015
268,7,2015
269,22,2015
270,16,2015
271,21,2015
272,22,2015
273,21,2015
273,-99.9,2015
274,21,2015
275,22,2015
276,23,2015
277,21,2015
278,21,2015
279,21,2015
280,20,2015
281,20,2015
282,20,2015
283,20,2015
284,19,2015
285,19,2015
286,19,2015
287,19,2015
288,20,2015
289,19,2015
290,19,2015
291,20,2015
292,18,2015
293,18,2015
294,18,2015
295,18,2015
296,18,2015
297,20,2015
298,20,2015
299,20,2015
300,20,2015
301,20,2015
302,20,2015
303,20,2015
304,20,2015
305,22,2015
306,21,2015
307,20,2015
308,20,2015
309,20,2015
310,20,2015
311,21,2015
312,21,2015
313,20,2015
314,20,2015
315,20,2015
316,20,2015
317,20,2015
318,20,2015
319,20,2015
320,20,2015
321,20,2015
322,20,2015
323,20,2015
324,20,2015
325,20,2015
326,20,2015
327,21,2015
328,20,2015
329,20,2015
330,20,2015
331,18,2015
332,21,2015
333,21,2015
334,21,2015
335,21,2015
336,20,2015
337,21,2015
338,21,2015
339,21,2015
340,20,2015
341,20,2015
342,20,2015
343,20,2015
344,20,2015
345,20,2015
346,20,2015
347,19,2015
348,20,2015
349,21,2015
350,21,2015
351,21,2015
352,21,2015
353,22,2015
354,22,2015
355,22,2015
356,22,2015
357,22,2015
358,22,2015
359,22,2015
360,22,2015
361,21,2015
362,21,2015
363,21,2015
364,21,2015
365,21,2015
1,21,2016
2,21,2016
3,21,2016
4,21,2016
5,20,2016
6,20,2016
7,20,2016
8,20,2016
9,20,2016
10,20,2016
11,20,2016
12,20,2016
13,20,2016
14,20,2016
15,22,2016
16,22,2016
17,21,2016
18,21,2016
19,21,2016
20,21,2016
21,21,2016
22,20,2016
23,20,2016
24,20,2016
25,21,2016
26,22,2016
27,20,2016
28,20,2016
29,20,2016
30,20,2016
31,20,2016
32,20,2016
33,20,2016
34,20,2016
35,20,2016
36,20,2016
37,20,2016
38,20,2016
39,20,2016
40,20,2016
41,20,2016
42,21,2016
43,21,2016
44,21,2016
45,21,2016
46,21,2016
47,21,2016
48,22,2016
49,21,2016
50,21,2016
51,21,2016
52,21,2016
53,20,2016
54,20,2016
55,20,2016
56,20,2016
57,20,2016
58,20,2016
59,20,2016
60,20,2016
61,21,2016
62,22,2016
63,22,2016
64,22,2016
65,23,2016
66,22,2016
67,20,2016
68,20,2016
69,20,2016
70,20,2016
71,20,2016
72,21,2016
73,21,2016
74,21,2016
75,22,2016
76,22,2016
77,22,2016
78,23,2016
79,23,2016
80,22,2016
81,20,2016
82,20,2016
83,20,2016
84,20,2016
85,20,2016
86,20,2016
87,20,2016
88,21,2016
89,21,2016
90,21,2016
91,21,2016
92,21,2016
93,22,2016
94,22,2016
95,23,2016
96,23,2016
97,22,2016
98,22,2016
99,22,2016
100,22,2016
101,22,2016
102,22,2016
103,26,2016
104,27,2016
105,26,2016
106,26,2016
107,26,2016
108,26,2016
109,26,2016
110,26,2016
111,25,2016
112,25,2016
113,25,2016
114,25,2016
115,25,2016
116,25,2016
117,25,2016
118,24,2016
119,23,2016
120,23,2016
121,23,2016
122,22,2016
123,22,2016
124,22,2016
125,22,2016
126,21,2016
127,21,2016
128,21,2016
129,21,2016
130,20,2016
131,18,2016
132,16,2016
133,12,2016
134,9,2016
135,7,2016
136,6,2016
137,5,2016
138,-99.9,2016
139,8,2016
140,6,2016
141,5,2016
142,0,2016
143,0,2016
144,0,2016
145,0,2016
146,0,2016
147,0,2016
148,0,2016
149,0,2016
150,0,2016
151,0,2016
152,0,2016
153,0,2016
154,0,2016
155,0,2016
156,0,2016
157,0,2016
158,0,2016
159,0,2016
160,0,2016
161,0,2016
162,0,2016
163,0,2016
164,0,2016
165,0,2016
166,0,2016
167,0,2016
168,0,2016
169,0,2016
170,0,2016
171,0,2016
172,0,2016
173,0,2016
174,4,2016
175,0,2016
176,0,2016
177,0,2016
178,0,2016
179,0,2016
180,0,2016
181,0,2016
182,0,2016
183,0,2016
184,0,2016
185,0,2016
186,0,2016
187,0,2016
188,0,2016
189,0,2016
190,0,2016
191,0,2016
192,0,2016
193,0,2016
194,0,2016
195,0,2016
196,0,2016
197,0,2016
198,0,2016
199,0,2016
200,0,2016
201,0,2016
202,0,2016
203,0,2016
204,0,2016
205,0,2016
206,0,2016
207,0,2016
208,0,2016
209,0,2016
210,0,2016
211,0,2016
212,0,2016
213,0,2016
214,0,2016
215,0,2016
216,0,2016
217,0,2016
218,0,2016
219,0,2016
220,0,2016
221,0,2016
222,0,2016
223,0,2016
224,0,2016
225,0,2016
226,0,2016
227,0,2016
228,0,2016
229,0,2016
230,0,2016
231,0,2016
232,0,2016
233,0,2016
234,0,2016
235,0,2016
236,0,2016
237,0,2016
238,0,2016
239,0,2016
240,0,2016
241,0,2016
242,0,2016
243,-1,2016
244,-1,2016
245,0,2016
246,-1,2016
247,0,2016
248,-1,2016
249,-1,2016
250,0,2016
251,1,2016
252,5,2016
253,3,2016
254,1,2016
255,0,2016
256,0,2016
257,3,2016
258,7,2016
259,6,2016
260,6,2016
261,7,2016
262,7,2016
263,8,2016
264,6,2016
265,3,2016
266,1,2016
267,10,2016
268,10,2016
269,11,2016
270,11,2016
271,12,2016
272,12,2016
273,11,2016
274,10,2016
274,-99.9,2016
275,8,2016
276,8,2016
277,8,2016
278,8,2016
279,8,2016
280,8,2016
281,8,2016
282,8,2016
283,7,2016
284,8,2016
285,7,2016
286,7,2016
287,7,2016
288,8,2016
289,7,2016
290,8,2016
291,7,2016
292,7,2016
293,8,2016
294,8,2016
295,12,2016
296,14,2016
297,11,2016
298,11,2016
299,11,2016
300,11,2016
301,11,2016
302,10,2016
303,11,2016
304,10,2016
305,10,2016
306,10,2016
307,10,2016
308,10,2016
309,9,2016
310,10,2016
311,10,2016
312,10,2016
313,10,2016
314,11,2016
315,11,2016
316,10,2016
317,10,2016
318,10,2016
319,11,2016
320,11,2016
321,12,2016
322,12,2016
323,12,2016
324,12,2016
325,12,2016
326,12,2016
327,12,2016
328,12,2016
329,13,2016
330,13,2016
331,13,2016
332,13,2016
333,13,2016
334,13,2016
335,13,2016
336,13,2016
337,13,2016
338,13,2016
339,13,2016
340,13,2016
341,13,2016
342,13,2016
343,13,2016
344,13,2016
345,13,2016
346,13,2016
347,13,2016
348,13,2016
349,13,2016
350,13,2016
351,14,2016
352,14,2016
353,14,2016
354,14,2016
355,14,2016
356,14,2016
357,14,2016
358,14,2016
359,14,2016
360,14,2016
361,14,2016
362,14,2016
363,14,2016
364,14,2016
365,14,2016
366,14,2016
1,14,2017
2,9,2017
3,9,2017
4,15,2017
5,10,2017
6,9,2017
7,9,2017
8,9,2017
9,9,2017
10,8,2017
11,8,2017
12,13,2017
13,12,2017
14,12,2017
15,12,2017
16,11,2017
17,12,2017
18,12,2017
19,12,2017
20,12,2017
21,12,2017
22,12,2017
23,12,2017
24,12,2017
25,12,2017
26,12,2017
27,12,2017
28,12,2017
29,12,2017
30,12,2017
31,12,2017
32,8,2017
33,8,2017
34,8,2017
35,8,2017
36,8,2017
37,8,2017
38,8,2017
39,9,2017
40,20,2017
41,22,2017
42,22,2017
43,22,2017
44,21,2017
45,21,2017
46,22,2017
47,22,2017
48,25,2017
49,24,2017
50,22,2017
51,22,2017
52,21,2017
53,21,2017
54,21,2017
55,17,2017
56,14,2017
57,17,2017
58,26,2017
59,28,2017
60,26,2017
61,25,2017
62,20,2017
63,23,2017
64,25,2017
65,25,2017
66,27,2017
67,30,2017
68,34,2017
69,38,2017
70,40,2017
71,40,2017
72,41,2017
73,40,2017
74,40,2017
75,40,2017
76,39,2017
77,39,2017
78,38,2017
79,38,2017
80,38,2017
81,35,2017
82,35,2017
83,35,2017
84,35,2017
85,35,2017
86,34,2017
87,35,2017
88,34,2017
89,34,2017
90,34,2017
91,34,2017
92,34,2017
93,34,2017
94,34,2017
95,34,2017
96,34,2017
97,31,2017
98,31,2017
99,31,2017
100,31,2017
101,31,2017
102,31,2017
103,31,2017
104,31,2017
105,31,2017
106,31,2017
107,30,2017
108,30,2017
109,30,2017
110,30,2017
111,30,2017
112,30,2017
113,30,2017
114,30,2017
115,30,2017
116,30,2017
117,30,2017
118,30,2017
119,30,2017
120,31,2017
121,30,2017
122,30,2017
123,31,2017
124,31,2017
125,31,2017
126,31,2017
127,31,2017
128,30,2017
129,30,2017
130,31,2017
131,-99.9,2017
132,31,2017
133,30,2017
134,30,2017
135,30,2017
136,29,2017
137,28,2017
138,25,2017
139,24,2017
140,24,2017
141,21,2017
142,23,2017
143,23,2017
144,22,2017
145,21,2017
146,21,2017
147,20,2017
148,19,2017
149,18,2017
150,17,2017
151,16,2017
152,14,2017
153,12,2017
154,10,2017
155,6,2017
156,0,2017
157,0,2017
158,0,2017
159,0,2017
160,0,2017
161,0,2017
162,0,2017
163,0,2017
164,0,2017
165,0,2017
166,0,2017
167,0,2017
168,0,2017
169,0,2017
170,0,2017
171,0,2017
172,0,2017
173,0,2017
174,0,2017
175,0,2017
176,0,2017
177,0,2017
178,0,2017
179,0,2017
180,0,2017
181,0,2017
182,0,2017
183,0,2017
184,0,2017
185,0,2017
186,0,2017
187,0,2017
188,0,2017
189,0,2017
190,0,2017
191,0,2017
192,0,2017
193,0,2017
194,0,2017
195,0,2017
196,0,2017
197,0,2017
198,0,2017
199,0,2017
200,0,2017
201,0,2017
202,0,2017
203,0,2017
204,0,2017
205,0,2017
206,0,2017
207,0,2017
208,0,2017
209,0,2017
210,0,2017
211,0,2017
212,0,2017
213,0,2017
214,0,2017
215,0,2017
216,0,2017
217,0,2017
218,0,2017
219,0,2017
220,0,2017
221,0,2017
222,0,2017
223,0,2017
224,0,2017
225,0,2017
226,0,2017
227,0,2017
228,0,2017
229,0,2017
230,0,2017
231,0,2017
232,0,2017
233,0,2017
234,0,2017
235,0,2017
236,0,2017
237,0,2017
238,0,2017
239,0,2017
240,0,2017
241,11,2017
242,9,2017
243,9,2017
244,8,2017
245,6,2017
246,4,2017
247,4,2017
248,2,2017
249,2,2017
250,1,2017
251,0,2017
252,1,2017
253,1,2017
254,0,2017
255,0,2017
256,0,2017
257,0,2017
258,0,2017
259,0,2017
260,0,2017
261,0,2017
262,0,2017
263,2,2017
264,1,2017
265,0,2017
266,2,2017
267,1,2017
268,1,2017
269,1,2017
270,3,2017
271,3,2017
272,4,2017
273,3,2017
273,-99.9,2017
274,3,2017
275,2,2017
276,2,2017
277,2,2017
278,2,2017
279,1,2017
280,6,2017
281,5,2017
282,5,2017
283,5,2017
284,5,2017
285,5,2017
286,5,2017
287,7,2017
288,13,2017
289,12,2017
290,12,2017
291,14,2017
292,22,2017
293,20,2017
294,20,2017
295,19,2017
296,19,2017
297,16,2017
298,16,2017
299,16,2017
300,16,2017
301,16,2017
302,15,2017
303,15,2017
304,15,2017
305,15,2017
306,15,2017
307,15,2017
308,25,2017
309,25,2017
310,32,2017
311,31,2017
312,27,2017
313,23,2017
314,23,2017
315,22,2017
316,22,2017
317,23,2017
318,23,2017
319,23,2017
320,24,2017
321,32,2017
322,31,2017
323,31,2017
324,30,2017
325,29,2017
326,25,2017
327,25,2017
328,26,2017
329,23,2017
330,23,2017
331,23,2017
332,23,2017
333,23,2017
334,23,2017
335,23,2017
336,23,2017
337,23,2017
338,22,2017
339,23,2017
340,23,2017
341,23,2017
342,23,2017
343,22,2017
344,22,2017
345,23,2017
346,23,2017
347,23,2017
348,23,2017
349,23,2017
350,23,2017
351,23,2017
352,23,2017
353,23,2017
354,22,2017
355,22,2017
356,22,2017
357,22,2017
358,22,2017
359,22,2017
360,22,2017
361,22,2017
362,20,2017
363,20,2017
364,23,2017
365,23,2017
1,22,2018
2,23,2018
3,22,2018
4,22,2018
5,22,2018
6,22,2018
7,22,2018
8,22,2018
9,22,2018
10,22,2018
11,22,2018
12,22,2018
13,22,2018
14,22,2018
15,21,2018
16,21,2018
17,21,2018
18,21,2018
19,21,2018
20,23,2018
21,22,2018
22,22,2018
23,20,2018
24,22,2018
25,22,2018
26,22,2018
27,22,2018
28,23,2018
29,30,2018
30,31,2018
31,31,2018
32,29,2018
33,30,2018
34,30,2018
35,30,2018
36,30,2018
37,29,2018
38,29,2018
39,29,2018
40,29,2018
41,28,2018
42,27,2018
43,28,2018
44,31,2018
45,34,2018
46,30,2018
47,33,2018
48,32,2018
49,31,2018
50,31,2018
51,32,2018
52,31,2018
53,31,2018
54,33,2018
55,35,2018
56,35,2018
57,32,2018
58,32,2018
59,37,2018
60,35,2018
61,35,2018
62,35,2018
63,35,2018
64,35,2018
65,35,2018
66,35,2018
67,35,2018
68,35,2018
69,35,2018
70,35,2018
71,35,2018
72,35,2018
73,35,2018
74,35,2018
75,37,2018
76,37,2018
77,37,2018
78,37,2018
79,36,2018
80,38,2018
81,37,2018
82,37,2018
83,36,2018
84,36,2018
85,36,2018
86,36,2018
87,36,2018
88,36,2018
89,36,2018
90,36,2018
91,38,2018
92,44,2018
93,43,2018
94,43,2018
95,43,2018
96,42,2018
97,42,2018
98,42,2018
99,42,2018
100,42,2018
101,41,2018
102,41,2018
103,41,2018
104,41,2018
105,41,2018
106,41,2018
107,41,2018
108,41,2018
109,41,2018
110,40,2018
111,41,2018
112,41,2018
113,41,2018
114,41,2018
115,40,2018
116,40,2018
117,40,2018
118,40,2018
119,40,2018
120,40,2018
121,40,2018
122,40,2018
123,41,2018
124,41,2018
125,41,2018
126,42,2018
127,40,2018
128,40,2018
129,40,2018
130,39,2018
131,38,2018
132,36,2018
133,35,2018
134,34,2018
135,34,2018
136,33,2018
137,32,2018
138,43,2018
139,39,2018
140,39,2018
141,36,2018
142,36,2018
143,35,2018
144,33,2018
145,31,2018
146,30,2018
147,30,2018
148,28,2018
149,27,2018
150,25,2018
151,23,2018
152,22,2018
153,20,2018
154,18,2018
155,14,2018
156,11,2018
157,7,2018
158,4,2018
159,3,2018
160,1,2018
161,1,2018
162,2,2018
163,3,2018
164,4,2018
165,3,2018
166,6,2018
167,5,2018
168,3,2018
169,1,2018
170,1,2018
171,0,2018
172,0,2018
173,0,2018
174,0,2018
175,0,2018
176,0,2018
177,0,2018
178,0,2018
179,0,2018
180,0,2018
181,0,2018
182,0,2018
183,0,2018
184,0,2018
185,0,2018
186,0,2018
187,0,2018
188,0,2018
189,0,2018
190,0,2018
191,0,2018
192,0,2018
193,0,2018
194,0,2018
195,0,2018
196,0,2018
197,0,2018
198,0,2018
199,0,2018
200,0,2018
201,0,2018
202,0,2018
203,0,2018
204,0,2018
205,0,2018
206,0,2018
207,0,2018
208,0,2018
209,0,2018
210,0,2018
211,0,2018
212,0,2018
213,0,2018
214,0,2018
215,0,2018
216,0,2018
217,0,2018
218,0,2018
219,0,2018
220,0,2018
221,0,2018
222,0,2018
223,0,2018
224,0,2018
225,0,2018
226,0,2018
227,0,2018
228,0,2018
229,0,2018
230,0,2018
231,0,2018
232,0,2018
233,0,2018
234,0,2018
235,0,2018
236,0,2018
237,0,2018
238,0,2018
239,0,2018
240,0,2018
241,0,2018
242,0,2018
243,0,2018
244,0,2018
245,0,2018
246,0,2018
247,0,2018
248,0,2018
249,0,2018
250,0,2018
251,0,2018
252,0,2018
253,0,2018
254,0,2018
255,0,2018
256,0,2018
257,0,2018
258,0,2018
259,0,2018
260,0,2018
261,0,2018
262,0,2018
263,0,2018
264,0,2018
265,0,2018
266,2,2018
267,3,2018
268,2,2018
269,3,2018
270,4,2018
271,4,2018
272,4,2018
273,3,2018
273,-99.9,2018
274,3,2018
275,1,2018
276,1,2018
277,1,2018
278,1,2018
279,1,2018
280,1,2018
281,1,2018
282,1,2018
283,1,2018
284,1,2018
285,1,2018
286,2,2018
287,2,2018
288,6,2018
289,5,2018
290,5,2018
291,6,2018
292,5,2018
293,5,2018
294,5,2018
295,5,2018
296,5,2018
297,5,2018
298,5,2018
299,5,2018
300,6,2018
301,6,2018
302,9,2018
303,9,2018
304,9,2018
305,8,2018
306,8,2018
307,8,2018
308,8,2018
309,8,2018
310,8,2018
311,6,2018
312,8,2018
313,8,2018
314,8,2018
315,8,2018
316,8,2018
317,9,2018
318,9,2018
319,9,2018
320,9,2018
321,9,2018
322,9,2018
323,9,2018
324,9,2018
325,11,2018
326,11,2018
327,11,2018
328,11,2018
329,11,2018
330,12,2018
331,12,2018
332,12,2018
333,14,2018
334,14,2018
335,12,2018
336,9,2018
337,8,2018
338,10,2018
339,9,2018
340,8,2018
341,9,2018
342,9,2018
343,10,2018
344,10,2018
345,10,2018
346,10,2018
347,10,2018
348,10,2018
349,10,2018
350,9,2018
351,9,2018
352,9,2018
353,9,2018
354,9,2018
355,9,2018
356,10,2018
357,10,2018
358,10,2018
359,11,2018
360,11,2018
361,12,2018
362,11,2018
363,11,2018
364,11,2018
365,12,2018
1,12,2019
2,11,2019
3,12,2019
4,13,2019
5,13,2019
6,13,2019
7,13,2019
8,12,2019
9,12,2019
10,12,2019
11,12,2019
12,12,2019
13,12,2019
14,15,2019
15,15,2019
16,15,2019
17,15,2019
18,15,2019
19,15,2019
20,17,2019
21,16,2019
22,17,2019
23,16,2019
24,16,2019
25,16,2019
26,16,2019
27,16,2019
28,15,2019
29,15,2019
30,15,2019
31,15,2019
32,15,2019
33,15,2019
34,15,2019
35,15,2019
36,24,2019
37,23,2019
38,21,2019
39,18,2019
40,15,2019
41,15,2019
42,15,2019
43,15,2019
44,16,2019
45,16,2019
46,16,2019
47,16,2019
48,15,2019
49,15,2019
50,17,2019
51,14,2019
52,14,2019
53,14,2019
54,14,2019
55,14,2019
56,14,2019
57,14,2019
58,14,2019
59,14,2019
60,14,2019
61,14,2019
62,14,2019
63,16,2019
64,14,2019
65,14,2019
66,14,2019
67,13,2019
68,14,2019
69,14,2019
70,14,2019
71,16,2019
72,17,2019
73,17,2019
74,16,2019
75,15,2019
76,15,2019
77,15,2019
78,14,2019
79,15,2019
80,14,2019
81,16,2019
82,16,2019
83,15,2019
84,15,2019
85,16,2019
86,16,2019
87,17,2019
88,16,2019
89,16,2019
90,19,2019
91,20,2019
92,20,2019
93,20,2019
94,20,2019
95,20,2019
96,20,2019
97,20,2019
98,20,2019
99,20,2019
100,21,2019
101,21,2019
102,21,2019
103,21,2019
104,21,2019
105,21,2019
106,21,2019
107,21,2019
108,22,2019
109,23,2019
110,22,2019
111,22,2019
112,22,2019
113,22,2019
114,22,2019
115,22,2019
116,21,2019
117,21,2019
118,21,2019
119,21,2019
120,20,2019
121,20,2019
122,20,2019
123,19,2019
124,19,2019
125,19,2019
126,19,2019
127,19,2019
128,19,2019
129,19,2019
130,18,2019
131,18,2019
132,18,2019
133,17,2019
134,16,2019
135,14,2019
136,12,2019
137,11,2019
138,8,2019
139,5,2019
140,0,2019
141,0,2019
142,0,2019
143,0,2019
144,0,2019
145,0,2019
146,0,2019
147,0,2019
148,0,2019
149,0,2019
150,0,2019
151,0,2019
152,0,2019
153,0,2019
154,0,2019
155,0,2019
156,0,2019
157,0,2019
158,0,2019
159,0,2019
160,0,2019
161,0,2019
162,0,2019
163,0,2019
164,0,2019
165,0,2019
166,0,2019
167,0,2019
168,0,2019
169,0,2019
170,0,2019
171,0,2019
172,0,2019
173,0,2019
174,0,2019
175,0,2019
176,0,2019
177,0,2019
178,0,2019
179,0,2019
180,0,2019
181,0,2019
182,0,2019
183,0,2019
184,0,2019
185,0,2019
186,0,2019
187,0,2019
188,0,2019
189,0,2019
190,0,2019
191,0,2019
192,0,2019
193,0,2019
194,0,2019
195,0,2019
196,0,2019
197,0,2019
198,0,2019
199,0,2019
200,0,2019
201,0,2019
202,0,2019
203,0,2019
204,0,2019
205,0,2019
206,0,2019
207,0,2019
208,0,2019
209,0,2019
210,0,2019
211,0,2019
212,0,2019
213,0,2019
214,0,2019
215,0,2019
216,0,2019
217,0,2019
218,0,2019
219,0,2019
220,0,2019
221,0,2019
222,0,2019
223,0,2019
224,0,2019
225,0,2019
226,0,2019
227,0,2019
228,0,2019
229,0,2019
230,0,2019
231,0,2019
232,0,2019
233,0,2019
234,0,2019
235,0,2019
236,0,2019
237,0,2019
238,0,2019
239,0,2019
240,0,2019
241,0,2019
242,0,2019
243,0,2019
244,0,2019
245,0,2019
246,0,2019
247,0,2019
248,0,2019
249,0,2019
250,0,2019
251,0,2019
252,0,2019
253,0,2019
254,0,2019
255,0,2019
256,0,2019
257,0,2019
258,0,2019
259,0,2019
260,2,2019
261,4,2019
262,4,2019
263,3,2019
264,3,2019
265,3,2019
266,4,2019
267,4,2019
268,4,2019
269,4,2019
270,4,2019
271,4,2019
272,4,2019
273,2,2019
273,-99.9,2019
274,2,2019
275,2,2019
276,2,2019
277,2,2019
278,3,2019
279,5,2019
280,20,2019
281,18,2019
282,17,2019
283,15,2019
284,15,2019
285,14,2019
286,15,2019
287,15,2019
288,15,2019
289,15,2019
290,15,2019
291,15,2019
292,14,2019
293,14,2019
294,14,2019
295,15,2019
296,16,2019
297,16,2019
298,15,2019
299,16,2019
300,15,2019
301,14,2019
302,14,2019
303,14,2019
304,13,2019
305,13,2019
306,13,2019
307,14,2019
308,15,2019
309,15,2019
310,15,2019
311,15,2019
312,14,2019
313,13,2019
314,13,2019
315,13,2019
316,12,2019
317,12,2019
318,12,2019
319,12,2019
320,12,2019
321,13,2019
322,12,2019
323,12,2019
324,11,2019
325,12,2019
326,13,2019
327,14,2019
328,16,2019
329,15,2019
330,13,2019
331,15,2019
332,13,2019
333,16,2019
334,16,2019
335,15,2019
336,15,2019
337,17,2019
338,17,2019
339,17,2019
340,17,2019
341,16,2019
342,17,2019
343,16,2019
344,13,2019
345,13,2019
346,13,2019
347,12,2019
348,12,2019
349,12,2019
350,12,2019
351,12,2019
352,12,2019
353,12,2019
354,11,2019
355,12,2019
356,12,2019
357,12,2019
358,12,2019
359,12,2019
360,11,2019
361,13,2019
362,12,2019
363,11,2019
364,12,2019
365,13,2019
1,16,2020
2,16,2020
3,16,2020
4,16,2020
5,16,2020
6,16,2020
7,16,2020
8,16,2020
9,16,2020
10,16,2020
11,16,2020
12,16,2020
13,15,2020
14,14,2020
15,14,2020
16,14,2020
17,14,2020
18,14,2020
19,14,2020
20,14,2020
21,14,2020
22,14,2020
23,14,2020
24,13,2020
25,13,2020
26,14,2020
27,14,2020
28,14,2020
29,14,2020
30,14,2020
31,14,2020
32,15,2020
33,15,2020
34,16,2020
35,16,2020
36,17,2020
37,18,2020
38,17,2020
39,17,2020
40,18,2020
41,16,2020
42,15,2020
43,16,2020
44,16,2020
45,16,2020
46,16,2020
47,16,2020
48,16,2020
49,16,2020
50,16,2020
51,17,2020
52,17,2020
53,17,2020
54,18,2020
55,17,2020
56,17,2020
57,18,2020
58,18,2020
59,18,2020
60,18,2020
61,18,2020
62,18,2020
63,18,2020
64,18,2020
65,17,2020
66,17,2020
67,17,2020
68,17,2020
69,17,2020
70,17,2020
71,17,2020
72,17,2020
73,16,2020
74,16,2020
75,16,2020
76,16,2020
77,16,2020
78,16,2020
79,16,2020
80,16,2020
81,16,2020
82,16,2020
83,15,2020
84,16,2020
85,25,2020
86,26,2020
87,25,2020
88,25,2020
89,25,2020
90,25,2020
91,25,2020
92,23,2020
93,22,2020
94,24,2020
95,24,2020
96,24,2020
97,24,2020
98,24,2020
99,25,2020
100,25,2020
101,25,2020
102,25,2020
103,24,2020
104,24,2020
105,25,2020
106,24,2020
107,23,2020
108,25,2020
109,25,2020
110,27,2020
111,27,2020
112,29,2020
113,27,2020
114,28,2020
115,29,2020
116,29,2020
117,28,2020
118,33,2020
119,32,2020
120,34,2020
121,33,2020
122,33,2020
123,33,2020
124,33,2020
125,32,2020
126,32,2020
127,31,2020
128,31,2020
129,30,2020
130,29,2020
131,27,2020
132,26,2020
133,25,2020
134,24,2020
135,24,2020
136,24,2020
137,24,2020
138,24,2020
139,24,2020
140,24,2020
141,24,2020
142,23,2020
143,22,2020
144,20,2020
145,18,2020
146,15,2020
147,11,2020
148,7,2020
149,2,2020
150,1,2020
151,0,2020
152,0,2020
153,0,2020
154,0,2020
155,0,2020
156,0,2020
157,0,2020
158,0,2020
159,0,2020
160,0,2020
161,0,2020
162,0,2020
163,0,2020
164,0,2020
165,0,2020
166,0,2020
167,0,2020
168,0,2020
169,0,2020
170,0,2020
171,0,2020
172,0,2020
173,0,2020
174,0,2020
175,0,2020
176,0,2020
177,0,2020
178,0,2020
179,0,2020
180,0,2020
181,0,2020
182,0,2020
183,0,2020
184,0,2020
185,0,2020
186,0,2020
187,0,2020
188,0,2020
189,0,2020
190,0,2020
191,0,2020
192,0,2020
193,0,2020
194,0,2020
195,0,2020
196,0,2020
197,0,2020
198,0,2020
199,0,2020
200,0,2020
201,0,2020
202,0,2020
203,0,2020
204,0,2020
205,0,2020
206,0,2020
207,0,2020
208,0,2020
209,0,2020
210,0,2020
211,0,2020
212,0,2020
213,0,2020
214,0,2020
215,0,2020
216,0,2020
217,0,2020
218,0,2020
219,0,2020
220,0,2020
221,0,2020
222,0,2020
223,0,2020
224,0,2020
225,0,2020
226,0,2020
227,0,2020
228,0,2020
229,0,2020
230,0,2020
231,0,2020
232,0,2020
233,0,2020
234,0,2020
235,0,2020
236,0,2020
237,0,2020
238,0,2020
239,0,2020
240,0,2020
241,0,2020
242,0,2020
243,0,2020
244,0,2020
245,0,2020
246,0,2020
247,0,2020
248,0,2020
249,0,2020
250,0,2020
251,0,2020
252,0,2020
253,0,2020
254,2,2020
255,2,2020
256,14,2020
257,13,2020
258,12,2020
259,11,2020
260,10,2020
261,7,2020
262,6,2020
263,4,2020
264,3,2020
265,5,2020
266,5,2020
267,5,2020
268,5,2020
269,6,2020
270,7,2020
271,7,2020
272,7,2020
273,7,2020
274,7,2020
274,-99.9,2020
275,7,2020
276,5,2020
277,4,2020
278,3,2020
279,3,2020
280,4,2020
281,5,2020
282,4,2020
283,4,2020
284,4,2020
285,4,2020
286,4,2020
287,4,2020
288,5,2020
289,6,2020
290,7,2020
291,7,2020
292,7,2020
293,7,2020
294,7,2020
295,7,2020
296,7,2020
297,7,2020
298,7,2020
299,7,2020
300,7,2020
301,8,2020
302,12,2020
303,21,2020
304,18,2020
305,16,2020
306,16,2020
307,18,2020
308,20,2020
309,19,2020
310,15,2020
311,12,2020
312,11,2020
313,10,2020
314,11,2020
315,12,2020
316,10,2020
317,10,2020
318,9,2020
319,10,2020
320,10,2020
321,10,2020
322,20,2020
323,19,2020
324,19,2020
325,18,2020
326,18,2020
327,15,2020
328,15,2020
329,15,2020
330,14,2020
331,15,2020
332,19,2020
333,-99.9,2020
334,-99.9,2020
335,-99.9,2020
336,15,2020
337,15,2020
338,15,2020
339,15,2020
340,15,2020
341,-99.9,2020
342,-99.9,2020
343,-99.9,2020
344,19,2020
345,19,2020
346,19,2020
347,18,2020
348,16,2020
349,15,2020
350,15,2020
351,15,2020
352,15,2020
353,15,2020
354,15,2020
355,14,2020
356,15,2020
357,15,2020
358,15,2020
359,16,2020
360,16,2020
361,16,2020
362,16,2020
363,16,2020
364,16,2020
365,16,2020
366,16,2020
1,16,2021
2,16,2021
3,16,2021
4,16,2021
5,16,2021
6,16,2021
7,16,2021
8,16,2021
9,16,2021
10,16,2021
11,16,2021
12,16,2021
13,16,2021
14,16,2021
15,16,2021
16,15,2021
17,16,2021
18,16,2021
19,16,2021
20,16,2021
21,17,2021
22,18,2021
23,18,2021
24,18,2021
25,18,2021
26,18,2021
27,18,2021
28,18,2021
29,18,2021
30,18,2021
31,18,2021
32,17,2021
33,18,2021
34,18,2021
35,19,2021
36,19,2021
37,19,2021
38,19,2021
39,18,2021
40,19,2021
41,19,2021
42,19,2021
43,19,2021
44,19,2021
45,19,2021
46,19,2021
47,19,2021
48,19,2021
49,18,2021
50,19,2021
51,19,2021
52,19,2021
53,19,2021
54,19,2021
55,19,2021
56,19,2021
57,19,2021
58,19,2021
59,19,2021
60,19,2021
61,19,2021
62,19,2021
63,20,2021
64,22,2021
65,19,2021
66,19,2021
67,19,2021
68,19,2021
69,19,2021
70,19,2021
71,19,2021
72,19,2021
73,19,2021
74,19,2021
75,19,2021
76,19,2021
77,20,2021
78,20,2021
79,20,2021
80,20,2021
81,20,2021
82,20,2021
83,20,2021
84,20,2021
85,21,2021
86,21,2021
87,21,2021
88,21,2021
89,21,2021
90,21,2021
91,22,2021
92,22,2021
93,22,2021
94,22,2021
95,21,2021
96,21,2021
97,21,2021
98,21,2021
99,21,2021
100,21,2021
101,22,2021
102,22,2021
103,21,2021
104,21,2021
105,21,2021
106,21,2021
107,21,2021
108,21,2021
109,21,2021
110,21,2021
111,22,2021
112,22,2021
113,21,2021
114,21,2021
115,21,2021
116,21,2021
117,22,2021
118,21,2021
119,21,2021
120,22,2021
121,23,2021
122,24,2021
123,23,2021
124,23,2021
125,96,2021
126,23,2021
127,21,2021
128,23,2021
129,24,2021
130,22,2021
131,21,2021
132,21,2021
133,20,2021
134,19,2021
135,19,2021
136,19,2021
137,21,2021
138,23,2021
139,22,2021
140,24,2021
141,21,2021
142,20,2021
143,18,2021
144,16,2021
145,16,2021
146,15,2021
147,15,2021
148,18,2021
149,16,2021
150,16,2021
151,15,2021
152,16,2021
153,17,2021
154,15,2021
155,13,2021
156,10,2021
157,6,2021
158,2,2021
159,0,2021
160,0,2021
161,0,2021
162,0,2021
163,0,2021
164,0,2021
165,0,2021
166,0,2021
167,0,2021
168,0,2021
169,0,2021
170,0,2021
171,0,2021
172,0,2021
173,0,2021
174,0,2021
175,0,2021
176,0,2021
177,0,2021
178,0,2021
179,0,2021
180,0,2021
181,0,2021
182,0,2021
183,0,2021
184,0,2021
185,0,2021
186,0,2021
NA,NA,2021
NA,NA,2021
NA,NA,2021
NA,NA,2021
NA,NA,2021
NA,NA,2021
NA,NA,2021
NA,NA,2021
NA,NA,2021
NA,NA,2021
NA,NA,2021
NA,NA,2021
NA,NA,2021
NA,NA,2021
NA,NA,2021
NA,NA,2021
NA,NA,2021
NA,NA,2021
NA,NA,2021
NA,NA,2021
NA,NA,2021
NA,NA,2021
NA,NA,2021
NA,NA,2021
NA,NA,2021
NA,NA,2021
NA,NA,2021
NA,NA,2021
NA,NA,2021
NA,NA,2021
NA,NA,2021
NA,NA,2021
NA,NA,2021
NA,NA,2021
NA,NA,2021
NA,NA,2021
NA,NA,2021
NA,NA,2021
NA,NA,2021
NA,NA,2021
NA,NA,2021
NA,NA,2021
NA,NA,2021
NA,NA,2021
NA,NA,2021
NA,NA,2021
NA,NA,2021
NA,NA,2021
NA,NA,2021
NA,NA,2021
NA,NA,2021
NA,NA,2021
NA,NA,2021
NA,NA,2021
NA,NA,2021
NA,NA,2021
NA,NA,2021
NA,NA,2021
NA,NA,2021
NA,NA,2021
NA,NA,2021
NA,NA,2021
NA,NA,2021
NA,NA,2021
NA,NA,2021
NA,NA,2021
NA,NA,2021
NA,NA,2021
NA,NA,2021
NA,NA,2021
NA,NA,2021
NA,NA,2021
NA,NA,2021
NA,NA,2021
NA,NA,2021
NA,NA,2021
NA,NA,2021
NA,NA,2021
NA,NA,2021
NA,NA,2021
NA,NA,2021
NA,NA,2021
NA,NA,2021
NA,NA,2021
NA,NA,2021
NA,NA,2021
NA,NA,2021
NA,NA,2021
NA,NA,2021
NA,NA,2021
NA,NA,2021
NA,NA,2021
NA,NA,2021
NA,NA,2021
NA,NA,2021
NA,NA,2021
NA,NA,2021
NA,NA,2021
NA,NA,2021
NA,NA,2021
NA,NA,2021
NA,NA,2021
NA,NA,2021
NA,NA,2021
NA,NA,2021
NA,NA,2021
NA,NA,2021
NA,NA,2021
NA,NA,2021
NA,NA,2021
NA,NA,2021
NA,NA,2021
NA,NA,2021
NA,NA,2021
NA,NA,2021
NA,NA,2021
NA,NA,2021
NA,NA,2021
NA,NA,2021
NA,NA,2021
NA,NA,2021
NA,NA,2021
NA,NA,2021
NA,NA,2021
NA,NA,2021
NA,NA,2021
NA,NA,2021
NA,NA,2021
NA,NA,2021
NA,NA,2021
NA,NA,2021
NA,NA,2021
NA,NA,2021
NA,NA,2021
NA,NA,2021
NA,NA,2021
NA,NA,2021
NA,NA,2021
NA,NA,2021
NA,NA,2021
NA,NA,2021
NA,NA,2021
NA,NA,2021
NA,NA,2021
NA,NA,2021
NA,NA,2021
NA,NA,2021
NA,NA,2021
NA,NA,2021
NA,NA,2021
NA,NA,2021
NA,NA,2021
NA,NA,2021
NA,NA,2021
NA,NA,2021
NA,NA,2021
NA,NA,2021
NA,NA,2021
NA,NA,2021
NA,NA,2021
NA,NA,2021
NA,NA,2021
NA,NA,2021
NA,NA,2021
NA,NA,2021
NA,NA,2021
NA,NA,2021
NA,NA,2021
NA,NA,2021
NA,NA,2021
NA,NA,2021
NA,NA,2021
NA,NA,2021
NA,NA,2021
NA,NA,2021
NA,NA,2021
NA,NA,2021
NA,NA,2021
NA,NA,2021
NA,NA,2021
1,23,2022
2,23,2022
3,23,2022
4,23,2022
5,24,2022
6,24,2022
7,24,2022
8,26,2022
9,25,2022
10,25,2022
11,24,2022
12,24,2022
13,24,2022
14,24,2022
15,24,2022
16,24,2022
17,24,2022
18,24,2022
19,24,2022
20,24,2022
21,24,2022
22,22,2022
23,22,2022
24,22,2022
25,-99.9,2022
26,-99.9,2022
27,-99.9,2022
28,-99.9,2022
29,-99.9,2022
30,-99.9,2022
31,-99.9,2022
32,21,2022
33,21,2022
34,21,2022
35,20,2022
36,20,2022
37,20,2022
38,20,2022
39,20,2022
40,21,2022
41,21,2022
42,22,2022
43,21,2022
44,22,2022
45,21,2022
46,21,2022
47,21,2022
48,22,2022
49,20,2022
50,20,2022
51,20,2022
52,20,2022
53,19,2022
54,19,2022
55,19,2022
56,19,2022
57,18,2022
58,18,2022
59,18,2022
60,18,2022
61,18,2022
62,18,2022
63,18,2022
64,18,2022
65,18,2022
66,19,2022
67,19,2022
68,19,2022
69,21,2022
70,21,2022
71,20,2022
72,20,2022
73,21,2022
74,21,2022
75,21,2022
76,21,2022
77,21,2022
78,21,2022
79,21,2022
80,21,2022
81,21,2022
82,21,2022
83,21,2022
84,18,2022
85,18,2022
86,18,2022
87,18,2022
88,18,2022
89,18,2022
90,18,2022
91,18,2022
92,18,2022
93,18,2022
94,18,2022
95,18,2022
96,18,2022
97,18,2022
98,18,2022
99,18,2022
100,18,2022
101,25,2022
102,24,2022
103,23,2022
104,23,2022
105,23,2022
106,18,2022
107,17,2022
108,18,2022
109,18,2022
110,18,2022
111,17,2022
112,17,2022
113,17,2022
114,17,2022
115,17,2022
116,17,2022
117,18,2022
118,17,2022
119,17,2022
120,17,2022
121,17,2022
122,17,2022
123,17,2022
124,17,2022
125,17,2022
126,16,2022
127,17,2022
128,16,2022
129,16,2022
130,17,2022
131,17,2022
132,16,2022
133,18,2022
134,20,2022
135,19,2022
136,18,2022
137,19,2022
138,18,2022
139,18,2022
140,17,2022
141,17,2022
142,16,2022
143,15,2022
144,15,2022
145,13,2022
146,10,2022
147,8,2022
148,5,2022
149,2,2022
150,1,2022
1,17,2023
2,17,2023
3,17,2023
4,17,2023
5,17,2023
6,17,2023
7,17,2023
8,17,2023
9,18,2023
10,18,2023
11,18,2023
12,18,2023
13,18,2023
14,16,2023
15,-99.9,2023
16,-99.9,2023
17,-99.9,2023
18,16,2023
19,17,2023
20,18,2023
21,18,2023
22,19,2023
23,19,2023
24,20,2023
25,20,2023
26,20,2023
27,21,2023
28,21,2023
29,20,2023
30,20,2023
31,20,2023
32,20,2023
33,20,2023
34,20,2023
35,20,2023
36,20,2023
37,20,2023
38,20,2023
39,20,2023
40,20,2023
41,20,2023
42,20,2023
43,20,2023
44,20,2023
45,19,2023
46,19,2023
47,20,2023
48,20,2023
49,20,2023
50,19,2023
51,18,2023
52,21,2023
53,21,2023
54,20,2023
55,16,2023
56,19,2023
57,18,2023
58,18,2023
59,18,2023
60,18,2023
61,18,2023
62,18,2023
63,17,2023
64,18,2023
65,18,2023
66,18,2023
67,18,2023
68,20,2023
69,23,2023
70,22,2023
71,23,2023
72,23,2023
73,23,2023
74,23,2023
75,23,2023
76,22,2023
77,23,2023
78,22,2023
79,22,2023
80,20,2023
81,20,2023
82,20,2023
83,20,2023
84,19,2023
85,19,2023
86,18,2023
87,18,2023
88,18,2023
89,19,2023
90,19,2023
91,19,2023
92,19,2023
93,19,2023
94,20,2023
95,20,2023
96,19,2023
97,19,2023
98,19,2023
99,19,2023
100,19,2023
101,19,2023
102,19,2023
103,19,2023
104,19,2023
105,19,2023
106,19,2023
107,20,2023
108,20,2023
109,20,2023
110,20,2023
111,20,2023
112,23,2023
113,23,2023
114,22,2023